name,x_position,y_position,sample,ratio,rendering_time
calafate,0,0,10,1,0.5267415046691895
calafate,0,1,10,1,0.4386758804321289
calafate,0,2,10,1,0.16879677772521973
calafate,0,3,10,1,0.07310318946838379
calafate,1,0,10,1,0.7860896587371826
calafate,1,1,10,1,0.8740735054016113
calafate,1,2,10,1,0.7147786617279053
calafate,1,3,10,1,0.3844902515411377
calafate,2,0,10,1,1.0740444660186768
calafate,2,1,10,1,1.0000395774841309
calafate,2,2,10,1,0.7537012100219727
calafate,2,3,10,1,0.21010828018188477
calafate,3,0,10,1,0.40677762031555176
calafate,3,1,10,1,0.3008749485015869
calafate,3,2,10,1,0.26251673698425293
calafate,3,3,10,1,0.08273911476135254
calafate,0,0,20,1,1.0547447204589844
calafate,0,1,20,1,0.8909778594970703
calafate,0,2,20,1,0.3426840305328369
calafate,0,3,20,1,0.15871882438659668
calafate,1,0,20,1,1.5878443717956543
calafate,1,1,20,1,1.7516298294067383
calafate,1,2,20,1,1.4367430210113525
calafate,1,3,20,1,0.7675840854644775
calafate,2,0,20,1,2.1603879928588867
calafate,2,1,20,1,2.011301040649414
calafate,2,2,20,1,1.504840612411499
calafate,2,3,20,1,0.41767191886901855
calafate,3,0,20,1,0.8069329261779785
calafate,3,1,20,1,0.5953166484832764
calafate,3,2,20,1,0.5125491619110107
calafate,3,3,20,1,0.15532183647155762
calafate,0,0,30,1,1.588341236114502
calafate,0,1,30,1,1.3433165550231934
calafate,0,2,30,1,0.5276658535003662
calafate,0,3,30,1,0.23614740371704102
calafate,1,0,30,1,2.376922607421875
calafate,1,1,30,1,2.629136085510254
calafate,1,2,30,1,2.1424567699432373
calafate,1,3,30,1,1.1520798206329346
calafate,2,0,30,1,3.2490272521972656
calafate,2,1,30,1,3.011768341064453
calafate,2,2,30,1,2.2585723400115967
calafate,2,3,30,1,0.6212737560272217
calafate,3,0,30,1,1.2164654731750488
calafate,3,1,30,1,0.8946628570556641
calafate,3,2,30,1,0.7616965770721436
calafate,3,3,30,1,0.22675848007202148
calafate,0,0,40,1,2.110095977783203
calafate,0,1,40,1,1.7800288200378418
calafate,0,2,40,1,0.6883392333984375
calafate,0,3,40,1,0.29875612258911133
calafate,1,0,40,1,3.163839817047119
calafate,1,1,40,1,3.492279529571533
calafate,1,2,40,1,2.8597161769866943
calafate,1,3,40,1,1.5537943840026855
calafate,2,0,40,1,4.308487892150879
calafate,2,1,40,1,4.008453369140625
calafate,2,2,40,1,2.9967198371887207
calafate,2,3,40,1,0.8243136405944824
calafate,3,0,40,1,1.6027333736419678
calafate,3,1,40,1,1.176039695739746
calafate,3,2,40,1,0.9968001842498779
calafate,3,3,40,1,0.29775214195251465
calafate,0,0,50,1,2.6546378135681152
calafate,0,1,50,1,2.2124648094177246
calafate,0,2,50,1,0.8715682029724121
calafate,0,3,50,1,0.37548327445983887
calafate,1,0,50,1,3.9700305461883545
calafate,1,1,50,1,4.364262104034424
calafate,1,2,50,1,3.560499668121338
calafate,1,3,50,1,1.9053149223327637
calafate,2,0,50,1,5.368480205535889
calafate,2,1,50,1,5.011759519577026
calafate,2,2,50,1,3.7454466819763184
calafate,2,3,50,1,1.0234754085540771
calafate,3,0,50,1,2.0129475593566895
calafate,3,1,50,1,1.4790513515472412
calafate,3,2,50,1,1.2606854438781738
calafate,3,3,50,1,0.38254308700561523
calafate,0,0,100,1,5.277885675430298
calafate,0,1,100,1,4.4510393142700195
calafate,0,2,100,1,1.737401008605957
calafate,0,3,100,1,0.7578306198120117
calafate,1,0,100,1,7.938091039657593
calafate,1,1,100,1,8.670728921890259
calafate,1,2,100,1,7.144337892532349
calafate,1,3,100,1,3.822610378265381
calafate,2,0,100,1,10.752728939056396
calafate,2,1,100,1,10.017153978347778
calafate,2,2,100,1,7.483051061630249
calafate,2,3,100,1,2.039746046066284
calafate,3,0,100,1,4.038280725479126
calafate,3,1,100,1,2.9772634506225586
calafate,3,2,100,1,2.513641595840454
calafate,3,3,100,1,0.7477302551269531
calafate,0,0,200,1,10.568988561630249
calafate,0,1,200,1,8.899937629699707
calafate,0,2,200,1,3.442579746246338
calafate,0,3,200,1,1.5027141571044922
calafate,1,0,200,1,15.754084825515747
calafate,1,1,200,1,17.435773372650146
calafate,1,2,200,1,14.246007204055786
calafate,1,3,200,1,7.630510568618774
calafate,2,0,200,1,21.378666877746582
calafate,2,1,200,1,19.952642917633057
calafate,2,2,200,1,14.909084796905518
calafate,2,3,200,1,4.060554027557373
calafate,3,0,200,1,8.080705881118774
calafate,3,1,200,1,5.909799575805664
calafate,3,2,200,1,5.015439748764038
calafate,3,3,200,1,1.4938480854034424
calafate,0,0,300,1,15.816125631332397
calafate,0,1,300,1,13.324748992919922
calafate,0,2,300,1,5.19199538230896
calafate,0,3,300,1,2.266239881515503
calafate,1,0,300,1,23.627026081085205
calafate,1,1,300,1,26.112186193466187
calafate,1,2,300,1,21.25498366355896
calafate,1,3,300,1,11.486128091812134
calafate,2,0,300,1,32.18705773353577
calafate,2,1,300,1,29.9181489944458
calafate,2,2,300,1,22.339184045791626
calafate,2,3,300,1,6.119305372238159
calafate,3,0,300,1,12.173115253448486
calafate,3,1,300,1,8.928313732147217
calafate,3,2,300,1,7.553540229797363
calafate,3,3,300,1,2.236163854598999
calafate,0,0,400,1,21.17124366760254
calafate,0,1,400,1,17.860147714614868
calafate,0,2,400,1,6.959138870239258
calafate,0,3,400,1,3.0526082515716553
calafate,1,0,400,1,31.49890661239624
calafate,1,1,400,1,35.02181959152222
calafate,1,2,400,1,28.86500597000122
calafate,1,3,400,1,15.413674354553223
calafate,2,0,400,1,43.246116399765015
calafate,2,1,400,1,40.52933621406555
calafate,2,2,400,1,30.184552907943726
calafate,2,3,400,1,8.259320497512817
calafate,3,0,400,1,16.47963809967041
calafate,3,1,400,1,12.097564458847046
calafate,3,2,400,1,10.216430902481079
calafate,3,3,400,1,3.0254971981048584
calafate,0,0,500,1,26.832505702972412
calafate,0,1,500,1,22.645031452178955
calafate,0,2,500,1,8.791894674301147
calafate,0,3,500,1,3.850538492202759
calafate,1,0,500,1,40.193527698516846
calafate,1,1,500,1,44.280059814453125
calafate,1,2,500,1,36.155662059783936
calafate,1,3,500,1,19.523260831832886
calafate,2,0,500,1,54.41767740249634
calafate,2,1,500,1,50.85240173339844
calafate,2,2,500,1,38.00175189971924
calafate,2,3,500,1,10.33090353012085
calafate,3,0,500,1,20.647143125534058
calafate,3,1,500,1,15.169317722320557
calafate,3,2,500,1,12.803290367126465
calafate,3,3,500,1,3.810758113861084
calafate,0,0,1000,1,53.66932129859924
calafate,0,1,1000,1,45.59205508232117
calafate,0,2,1000,1,17.735405206680298
calafate,0,3,1000,1,7.756545782089233
calafate,1,0,1000,1,80.42851638793945
calafate,1,1,1000,1,88.89049887657166
calafate,1,2,1000,1,72.92766499519348
calafate,1,3,1000,1,38.90011954307556
calafate,2,0,1000,1,109.88807678222656
calafate,2,1,1000,1,102.46296072006226
calafate,2,2,1000,1,76.22081136703491
calafate,2,3,1000,1,20.74651789665222
calafate,3,0,1000,1,41.64650797843933
calafate,3,1,1000,1,30.902745723724365
calafate,3,2,1000,1,25.79525852203369
calafate,3,3,1000,1,7.682346820831299
calafate,0,0,2000,1,108.70342755317688
calafate,0,0,2000,2,27.666112184524536
calafate,0,0,2000,4,7.811264991760254
calafate,0,0,2000,5,7.225179195404053
calafate,0,0,2000,8,3.3369555473327637
calafate,0,1,2000,1,90.56897330284119
calafate,0,1,2000,2,23.602112531661987
calafate,0,1,2000,4,7.176940441131592
calafate,0,1,2000,5,5.33660888671875
calafate,0,1,2000,8,2.6367809772491455
calafate,0,2,2000,1,35.050394773483276
calafate,0,2,2000,2,9.823533058166504
calafate,0,2,2000,4,3.1416664123535156
calafate,0,2,2000,5,2.1028757095336914
calafate,0,2,2000,8,1.0024394989013672
calafate,0,3,2000,1,15.23030400276184
calafate,0,3,2000,2,3.840181350708008
calafate,0,3,2000,4,1.077059030532837
calafate,0,3,2000,5,0.8058369159698486
calafate,0,3,2000,8,0.3979196548461914
calafate,1,0,2000,1,160.25966024398804
calafate,1,0,2000,2,40.90500044822693
calafate,1,0,2000,4,11.372371912002563
calafate,1,0,2000,5,9.091146469116211
calafate,1,0,2000,8,3.5952961444854736
calafate,1,1,2000,1,177.5595347881317
calafate,1,1,2000,2,45.390385389328
calafate,1,1,2000,4,12.737761974334717
calafate,1,1,2000,5,10.760895729064941
calafate,1,1,2000,8,5.321536064147949
calafate,1,2,2000,1,144.58900833129883
calafate,1,2,2000,2,39.22185754776001
calafate,1,2,2000,4,10.874210834503174
calafate,1,2,2000,5,8.5483078956604
calafate,1,2,2000,8,4.269371032714844
calafate,1,3,2000,1,76.68400931358337
calafate,1,3,2000,2,20.039758443832397
calafate,1,3,2000,4,5.429824590682983
calafate,1,3,2000,5,4.0029120445251465
calafate,1,3,2000,8,1.7620837688446045
calafate,2,0,2000,1,218.65093326568604
calafate,2,0,2000,2,56.06369662284851
calafate,2,0,2000,4,14.544020652770996
calafate,2,0,2000,5,11.092803001403809
calafate,2,0,2000,8,5.967357635498047
calafate,2,1,2000,1,205.2101104259491
calafate,2,1,2000,2,52.52140951156616
calafate,2,1,2000,4,14.804725885391235
calafate,2,1,2000,5,10.96418571472168
calafate,2,1,2000,8,6.3118650913238525
calafate,2,2,2000,1,151.34164667129517
calafate,2,2,2000,2,38.73917746543884
calafate,2,2,2000,4,10.618100881576538
calafate,2,2,2000,5,8.246587038040161
calafate,2,2,2000,8,5.518751621246338
calafate,2,3,2000,1,41.00174593925476
calafate,2,3,2000,2,10.39878535270691
calafate,2,3,2000,4,3.739790201187134
calafate,2,3,2000,5,2.9882004261016846
calafate,2,3,2000,8,1.635474681854248
calafate,3,0,2000,1,82.10890054702759
calafate,3,0,2000,2,21.035210371017456
calafate,3,0,2000,4,5.561790704727173
calafate,3,0,2000,5,3.774216890335083
calafate,3,0,2000,8,2.8055808544158936
calafate,3,1,2000,1,60.98525905609131
calafate,3,1,2000,2,16.343871593475342
calafate,3,1,2000,4,5.972715854644775
calafate,3,1,2000,5,4.248959541320801
calafate,3,1,2000,8,1.7601397037506104
calafate,3,2,2000,1,50.57594347000122
calafate,3,2,2000,2,13.575725078582764
calafate,3,2,2000,4,4.960207223892212
calafate,3,2,2000,5,3.2340102195739746
calafate,3,2,2000,8,2.358306884765625
calafate,3,3,2000,1,15.018459558486938
calafate,3,3,2000,2,3.776639223098755
calafate,3,3,2000,4,0.9842133522033691
calafate,3,3,2000,5,0.7840821743011475
calafate,3,3,2000,8,0.39641618728637695
fishy_cat,0,0,10,1,3.732189416885376
fishy_cat,0,1,10,1,3.7352983951568604
fishy_cat,0,2,10,1,2.4572131633758545
fishy_cat,0,3,10,1,2.2455761432647705
fishy_cat,1,0,10,1,4.067960023880005
fishy_cat,1,1,10,1,3.8200650215148926
fishy_cat,1,2,10,1,2.8849775791168213
fishy_cat,1,3,10,1,2.339698553085327
fishy_cat,2,0,10,1,4.27918267250061
fishy_cat,2,1,10,1,6.02579140663147
fishy_cat,2,2,10,1,4.15207576751709
fishy_cat,2,3,10,1,2.3253283500671387
fishy_cat,3,0,10,1,3.9678544998168945
fishy_cat,3,1,10,1,3.3655471801757812
fishy_cat,3,2,10,1,2.6600091457366943
fishy_cat,3,3,10,1,2.3219096660614014
fishy_cat,0,0,20,1,5.763261556625366
fishy_cat,0,1,20,1,5.5898756980896
fishy_cat,0,2,20,1,3.104308843612671
fishy_cat,0,3,20,1,2.7782886028289795
fishy_cat,1,0,20,1,6.132190704345703
fishy_cat,1,1,20,1,5.691511154174805
fishy_cat,1,2,20,1,3.557387590408325
fishy_cat,1,3,20,1,2.8179798126220703
fishy_cat,2,0,20,1,6.665592670440674
fishy_cat,2,1,20,1,9.758916854858398
fishy_cat,2,2,20,1,6.190476655960083
fishy_cat,2,3,20,1,2.9411873817443848
fishy_cat,3,0,20,1,6.314632415771484
fishy_cat,3,1,20,1,5.09406042098999
fishy_cat,3,2,20,1,3.4058938026428223
fishy_cat,3,3,20,1,2.8081839084625244
fishy_cat,0,0,30,1,7.848998785018921
fishy_cat,0,1,30,1,7.362058162689209
fishy_cat,0,2,30,1,3.581993818283081
fishy_cat,0,3,30,1,3.4276716709136963
fishy_cat,1,0,30,1,8.393476009368896
fishy_cat,1,1,30,1,7.55054783821106
fishy_cat,1,2,30,1,4.161819934844971
fishy_cat,1,3,30,1,3.302133321762085
fishy_cat,2,0,30,1,9.100241422653198
fishy_cat,2,1,30,1,13.5194730758667
fishy_cat,2,2,30,1,8.262367963790894
fishy_cat,2,3,30,1,3.169619560241699
fishy_cat,3,0,30,1,8.537328243255615
fishy_cat,3,1,30,1,6.479814291000366
fishy_cat,3,2,30,1,4.075890302658081
fishy_cat,3,3,30,1,3.270634651184082
fishy_cat,0,0,40,1,9.529946565628052
fishy_cat,0,1,40,1,8.974890232086182
fishy_cat,0,2,40,1,3.977907180786133
fishy_cat,0,3,40,1,3.546776056289673
fishy_cat,1,0,40,1,10.494651317596436
fishy_cat,1,1,40,1,9.353546142578125
fishy_cat,1,2,40,1,5.052412033081055
fishy_cat,1,3,40,1,3.627861976623535
fishy_cat,2,0,40,1,11.386953115463257
fishy_cat,2,1,40,1,17.203000783920288
fishy_cat,2,2,40,1,10.286925077438354
fishy_cat,2,3,40,1,3.617384672164917
fishy_cat,3,0,40,1,10.693390607833862
fishy_cat,3,1,40,1,7.8830554485321045
fishy_cat,3,2,40,1,4.686028242111206
fishy_cat,3,3,40,1,3.551419973373413
fishy_cat,0,0,50,1,11.406973838806152
fishy_cat,0,1,50,1,10.647229194641113
fishy_cat,0,2,50,1,4.619286775588989
fishy_cat,0,3,50,1,3.9642271995544434
fishy_cat,1,0,50,1,12.418946027755737
fishy_cat,1,1,50,1,11.203710556030273
fishy_cat,1,2,50,1,5.484470844268799
fishy_cat,1,3,50,1,3.939791440963745
fishy_cat,2,0,50,1,13.663622856140137
fishy_cat,2,1,50,1,21.05017638206482
fishy_cat,2,2,50,1,12.24445366859436
fishy_cat,2,3,50,1,4.129371404647827
fishy_cat,3,0,50,1,12.78248643875122
fishy_cat,3,1,50,1,9.30758786201477
fishy_cat,3,2,50,1,5.33008337020874
fishy_cat,3,3,50,1,3.9425089359283447
fishy_cat,0,0,100,1,20.775583505630493
fishy_cat,0,1,100,1,19.103249073028564
fishy_cat,0,2,100,1,6.792262315750122
fishy_cat,0,3,100,1,5.939736843109131
fishy_cat,1,0,100,1,22.79514217376709
fishy_cat,1,1,100,1,20.16288447380066
fishy_cat,1,2,100,1,8.980314254760742
fishy_cat,1,3,100,1,6.235546350479126
fishy_cat,2,0,100,1,25.038164854049683
fishy_cat,2,1,100,1,39.807862281799316
fishy_cat,2,2,100,1,22.246570587158203
fishy_cat,2,3,100,1,5.898404359817505
fishy_cat,3,0,100,1,23.115338802337646
fishy_cat,3,1,100,1,16.261390924453735
fishy_cat,3,2,100,1,8.570754528045654
fishy_cat,3,3,100,1,5.905911922454834
fishy_cat,0,0,200,1,39.51159858703613
fishy_cat,0,1,200,1,36.081838846206665
fishy_cat,0,2,200,1,11.467256784439087
fishy_cat,0,3,200,1,9.871291875839233
fishy_cat,1,0,200,1,43.45678210258484
fishy_cat,1,1,200,1,37.7641761302948
fishy_cat,1,2,200,1,15.56387972831726
fishy_cat,1,3,200,1,9.87533950805664
fishy_cat,2,0,200,1,48.108614444732666
fishy_cat,2,1,200,1,77.59147238731384
fishy_cat,2,2,200,1,42.36754846572876
fishy_cat,2,3,200,1,9.723002672195435
fishy_cat,3,0,200,1,44.4679057598114
fishy_cat,3,1,200,1,30.332502126693726
fishy_cat,3,2,200,1,15.200021028518677
fishy_cat,3,3,200,1,9.68222951889038
fishy_cat,0,0,300,1,58.39572215080261
fishy_cat,0,1,300,1,53.375957012176514
fishy_cat,0,2,300,1,16.48254680633545
fishy_cat,0,3,300,1,13.959829807281494
fishy_cat,1,0,300,1,64.20033383369446
fishy_cat,1,1,300,1,55.839953899383545
fishy_cat,1,2,300,1,22.497230052947998
fishy_cat,1,3,300,1,14.064460039138794
fishy_cat,2,0,300,1,71.44625449180603
fishy_cat,2,1,300,1,115.46813702583313
fishy_cat,2,2,300,1,62.6451621055603
fishy_cat,2,3,300,1,13.802926540374756
fishy_cat,3,0,300,1,65.79630780220032
fishy_cat,3,1,300,1,44.58787274360657
fishy_cat,3,2,300,1,21.860035181045532
fishy_cat,3,3,300,1,13.816304683685303
fishy_cat,0,0,400,1,77.15858149528503
fishy_cat,0,1,400,1,70.54742550849915
fishy_cat,0,2,400,1,21.447388172149658
fishy_cat,0,3,400,1,18.00493311882019
fishy_cat,1,0,400,1,85.51048922538757
fishy_cat,1,1,400,1,73.64803862571716
fishy_cat,1,2,400,1,29.262852668762207
fishy_cat,1,3,400,1,18.04655122756958
fishy_cat,2,0,400,1,94.27964878082275
fishy_cat,2,1,400,1,153.47355031967163
fishy_cat,2,2,400,1,82.83120656013489
fishy_cat,2,3,400,1,17.8004732131958
fishy_cat,3,0,400,1,87.18146800994873
fishy_cat,3,1,400,1,58.691182374954224
fishy_cat,3,2,400,1,28.517401456832886
fishy_cat,3,3,400,1,17.604270935058594
fishy_cat,0,0,500,1,96.12003803253174
fishy_cat,0,1,500,1,87.45619606971741
fishy_cat,0,2,500,1,25.79024052619934
fishy_cat,0,3,500,1,21.854846954345703
fishy_cat,1,0,500,1,105.8568823337555
fishy_cat,1,1,500,1,91.99004983901978
fishy_cat,1,2,500,1,36.05564069747925
fishy_cat,1,3,500,1,21.85563564300537
fishy_cat,2,0,500,1,117.08195185661316
fishy_cat,2,1,500,1,191.53191423416138
fishy_cat,2,2,500,1,103.74976372718811
fishy_cat,2,3,500,1,21.52071738243103
fishy_cat,3,0,500,1,108.49436902999878
fishy_cat,3,1,500,1,72.8599841594696
fishy_cat,3,2,500,1,35.18752384185791
fishy_cat,3,3,500,1,21.392943620681763
fishy_cat,0,0,1000,1,191.59326934814453
fishy_cat,0,1,1000,1,175.06869530677795
fishy_cat,0,2,1000,1,50.633289098739624
fishy_cat,0,3,1000,1,41.83681797981262
fishy_cat,1,0,1000,1,212.1060745716095
fishy_cat,1,1,1000,1,183.70260214805603
fishy_cat,1,2,1000,1,70.8497622013092
fishy_cat,1,3,1000,1,41.96870994567871
fishy_cat,2,0,1000,1,234.77179408073425
fishy_cat,2,1,1000,1,384.9872856140137
fishy_cat,2,2,1000,1,207.6120629310608
fishy_cat,2,3,1000,1,41.689993143081665
fishy_cat,3,0,1000,1,218.6509883403778
fishy_cat,3,1,1000,1,145.3288426399231
fishy_cat,3,2,1000,1,68.73813390731812
fishy_cat,3,3,1000,1,41.05253863334656
fishy_cat,0,0,2000,2,4.107309818267822
fishy_cat,0,0,2000,4,3.0780532360076904
fishy_cat,0,0,2000,5,2.2680280208587646
fishy_cat,0,0,2000,8,0.6961746215820312
fishy_cat,0,1,2000,2,8.486238479614258
fishy_cat,0,1,2000,4,6.062509775161743
fishy_cat,0,1,2000,5,4.9049460887908936
fishy_cat,0,1,2000,8,1.998216152191162
fishy_cat,0,2,2000,2,11.656474590301514
fishy_cat,0,2,2000,4,8.11400842666626
fishy_cat,0,2,2000,5,6.373310565948486
fishy_cat,0,2,2000,8,2.312763214111328
fishy_cat,0,3,2000,2,10.89204478263855
fishy_cat,0,3,2000,4,8.416060447692871
fishy_cat,0,3,2000,5,6.659523010253906
fishy_cat,0,3,2000,8,2.7933804988861084
fishy_cat,0,4,2000,2,10.47584867477417
fishy_cat,0,4,2000,4,8.22411298751831
fishy_cat,0,4,2000,5,6.588069677352905
fishy_cat,0,4,2000,8,2.3829245567321777
fishy_cat,0,5,2000,2,12.948121786117554
fishy_cat,0,5,2000,4,8.655616283416748
fishy_cat,0,5,2000,5,6.89870023727417
fishy_cat,0,5,2000,8,2.8465542793273926
fishy_cat,0,6,2000,2,10.629880905151367
fishy_cat,0,6,2000,4,8.62279462814331
fishy_cat,0,6,2000,5,6.753854990005493
fishy_cat,0,6,2000,8,2.429121971130371
fishy_cat,0,7,2000,2,9.745991230010986
fishy_cat,0,7,2000,4,5.777620315551758
fishy_cat,0,7,2000,5,4.376127481460571
fishy_cat,0,7,2000,8,1.8589112758636475
fishy_cat,0,8,2000,2,5.2784552574157715
fishy_cat,0,8,2000,4,2.9644033908843994
fishy_cat,0,8,2000,5,2.1535534858703613
fishy_cat,0,8,2000,8,0.7284286022186279
fishy_cat,0,9,2000,2,1.9356334209442139
fishy_cat,0,9,2000,4,1.7568621635437012
fishy_cat,0,9,2000,5,1.2593393325805664
fishy_cat,0,9,2000,8,0.45975303649902344
fishy_cat,0,10,2000,2,2.356734275817871
fishy_cat,0,10,2000,4,1.590825080871582
fishy_cat,0,10,2000,5,1.1357803344726562
fishy_cat,0,10,2000,8,0.5077199935913086
fishy_cat,0,11,2000,2,1.9864387512207031
fishy_cat,0,11,2000,4,1.3666069507598877
fishy_cat,0,11,2000,5,1.147024393081665
fishy_cat,0,11,2000,8,0.44440555572509766
fishy_cat,0,12,2000,2,2.1334586143493652
fishy_cat,0,12,2000,4,1.3178603649139404
fishy_cat,0,12,2000,5,1.0028820037841797
fishy_cat,0,12,2000,8,0.3688790798187256
fishy_cat,0,13,2000,2,1.9558134078979492
fishy_cat,0,13,2000,4,1.2115912437438965
fishy_cat,0,13,2000,5,0.9796466827392578
fishy_cat,0,13,2000,8,0.38996052742004395
fishy_cat,0,14,2000,2,2.074575662612915
fishy_cat,0,14,2000,4,1.1647453308105469
fishy_cat,0,14,2000,5,0.983628511428833
fishy_cat,0,14,2000,8,0.3012852668762207
fishy_cat,0,15,2000,2,1.5860795974731445
fishy_cat,0,15,2000,4,1.124084234237671
fishy_cat,0,15,2000,5,0.8546342849731445
fishy_cat,0,15,2000,8,0.38309812545776367
fishy_cat,1,0,2000,2,5.724383354187012
fishy_cat,1,0,2000,4,4.005295515060425
fishy_cat,1,0,2000,5,3.169933319091797
fishy_cat,1,0,2000,8,1.1851887702941895
fishy_cat,1,1,2000,2,9.367114782333374
fishy_cat,1,1,2000,4,6.657752275466919
fishy_cat,1,1,2000,5,5.3653504848480225
fishy_cat,1,1,2000,8,2.212005615234375
fishy_cat,1,2,2000,2,9.142690181732178
fishy_cat,1,2,2000,4,7.381146669387817
fishy_cat,1,2,2000,5,5.895472288131714
fishy_cat,1,2,2000,8,2.1829652786254883
fishy_cat,1,3,2000,2,10.411377191543579
fishy_cat,1,3,2000,4,9.046742916107178
fishy_cat,1,3,2000,5,6.572685480117798
fishy_cat,1,3,2000,8,2.6854453086853027
fishy_cat,1,4,2000,2,12.685419797897339
fishy_cat,1,4,2000,4,8.615116596221924
fishy_cat,1,4,2000,5,6.949329137802124
fishy_cat,1,4,2000,8,2.485124111175537
fishy_cat,1,5,2000,2,9.885417938232422
fishy_cat,1,5,2000,4,8.24399709701538
fishy_cat,1,5,2000,5,6.416992902755737
fishy_cat,1,5,2000,8,2.6603031158447266
fishy_cat,1,6,2000,2,8.556554794311523
fishy_cat,1,6,2000,4,6.87175726890564
fishy_cat,1,6,2000,5,5.269987106323242
fishy_cat,1,6,2000,8,2.0401451587677
fishy_cat,1,7,2000,2,5.723228216171265
fishy_cat,1,7,2000,4,3.7492613792419434
fishy_cat,1,7,2000,5,2.8239099979400635
fishy_cat,1,7,2000,8,1.252694845199585
fishy_cat,1,8,2000,2,3.028406858444214
fishy_cat,1,8,2000,4,2.086414098739624
fishy_cat,1,8,2000,5,1.6384925842285156
fishy_cat,1,8,2000,8,0.6260979175567627
fishy_cat,1,9,2000,2,2.4389915466308594
fishy_cat,1,9,2000,4,1.5312955379486084
fishy_cat,1,9,2000,5,1.1644458770751953
fishy_cat,1,9,2000,8,0.4762866497039795
fishy_cat,1,10,2000,2,2.331712007522583
fishy_cat,1,10,2000,4,1.3441545963287354
fishy_cat,1,10,2000,5,1.1089251041412354
fishy_cat,1,10,2000,8,0.3060014247894287
fishy_cat,1,11,2000,2,2.4271695613861084
fishy_cat,1,11,2000,4,1.3110499382019043
fishy_cat,1,11,2000,5,1.005112886428833
fishy_cat,1,11,2000,8,0.4587383270263672
fishy_cat,1,12,2000,2,2.1267709732055664
fishy_cat,1,12,2000,4,1.3730711936950684
fishy_cat,1,12,2000,5,1.048698902130127
fishy_cat,1,12,2000,8,0.42700934410095215
fishy_cat,1,13,2000,2,1.6572201251983643
fishy_cat,1,13,2000,4,1.3815464973449707
fishy_cat,1,13,2000,5,1.0314266681671143
fishy_cat,1,13,2000,8,0.4123110771179199
fishy_cat,1,14,2000,2,1.9215724468231201
fishy_cat,1,14,2000,4,1.314314842224121
fishy_cat,1,14,2000,5,0.9544796943664551
fishy_cat,1,14,2000,8,0.30271482467651367
fishy_cat,1,15,2000,2,1.5112252235412598
fishy_cat,1,15,2000,4,1.1006405353546143
fishy_cat,1,15,2000,5,0.9048779010772705
fishy_cat,1,15,2000,8,0.33626413345336914
fishy_cat,2,0,2000,2,6.265386343002319
fishy_cat,2,0,2000,4,4.707759380340576
fishy_cat,2,0,2000,5,3.9556705951690674
fishy_cat,2,0,2000,8,1.438448190689087
fishy_cat,2,1,2000,2,9.16269326210022
fishy_cat,2,1,2000,4,6.223629474639893
fishy_cat,2,1,2000,5,5.0401105880737305
fishy_cat,2,1,2000,8,2.0772922039031982
fishy_cat,2,2,2000,2,8.882691144943237
fishy_cat,2,2,2000,4,6.6721978187561035
fishy_cat,2,2,2000,5,5.2597880363464355
fishy_cat,2,2,2000,8,1.8587136268615723
fishy_cat,2,3,2000,2,9.552929639816284
fishy_cat,2,3,2000,4,8.323188066482544
fishy_cat,2,3,2000,5,5.864188194274902
fishy_cat,2,3,2000,8,2.4363608360290527
fishy_cat,2,4,2000,2,10.449857711791992
fishy_cat,2,4,2000,4,8.118969202041626
fishy_cat,2,4,2000,5,6.268087387084961
fishy_cat,2,4,2000,8,2.238416910171509
fishy_cat,2,5,2000,2,9.811765670776367
fishy_cat,2,5,2000,4,6.585630178451538
fishy_cat,2,5,2000,5,5.1787333488464355
fishy_cat,2,5,2000,8,2.1785647869110107
fishy_cat,2,6,2000,2,6.1356425285339355
fishy_cat,2,6,2000,4,4.270276784896851
fishy_cat,2,6,2000,5,3.2072672843933105
fishy_cat,2,6,2000,8,1.2020022869110107
fishy_cat,2,7,2000,2,3.1382575035095215
fishy_cat,2,7,2000,4,2.708899974822998
fishy_cat,2,7,2000,5,1.8667850494384766
fishy_cat,2,7,2000,8,0.820073127746582
fishy_cat,2,8,2000,2,2.0307343006134033
fishy_cat,2,8,2000,4,1.570321798324585
fishy_cat,2,8,2000,5,1.1739654541015625
fishy_cat,2,8,2000,8,0.5167858600616455
fishy_cat,2,9,2000,2,1.7845959663391113
fishy_cat,2,9,2000,4,1.5982465744018555
fishy_cat,2,9,2000,5,1.0680506229400635
fishy_cat,2,9,2000,8,0.4360086917877197
fishy_cat,2,10,2000,2,1.7945611476898193
fishy_cat,2,10,2000,4,1.3336920738220215
fishy_cat,2,10,2000,5,1.0960392951965332
fishy_cat,2,10,2000,8,0.35740065574645996
fishy_cat,2,11,2000,2,2.073197603225708
fishy_cat,2,11,2000,4,1.2934961318969727
fishy_cat,2,11,2000,5,0.9904317855834961
fishy_cat,2,11,2000,8,0.4258899688720703
fishy_cat,2,12,2000,2,2.287672758102417
fishy_cat,2,12,2000,4,1.49564528465271
fishy_cat,2,12,2000,5,1.0970947742462158
fishy_cat,2,12,2000,8,0.32034826278686523
fishy_cat,2,13,2000,2,1.988908052444458
fishy_cat,2,13,2000,4,1.2835602760314941
fishy_cat,2,13,2000,5,0.9706723690032959
fishy_cat,2,13,2000,8,0.4106934070587158
fishy_cat,2,14,2000,2,2.0328803062438965
fishy_cat,2,14,2000,4,1.1664390563964844
fishy_cat,2,14,2000,5,0.9024672508239746
fishy_cat,2,14,2000,8,0.32541751861572266
fishy_cat,2,15,2000,2,1.9278855323791504
fishy_cat,2,15,2000,4,1.066249132156372
fishy_cat,2,15,2000,5,0.8824009895324707
fishy_cat,2,15,2000,8,0.31783056259155273
fishy_cat,3,0,2000,2,8.906761169433594
fishy_cat,3,0,2000,4,5.845683813095093
fishy_cat,3,0,2000,5,4.7827043533325195
fishy_cat,3,0,2000,8,1.710317611694336
fishy_cat,3,1,2000,2,9.027212142944336
fishy_cat,3,1,2000,4,7.20928430557251
fishy_cat,3,1,2000,5,5.7821879386901855
fishy_cat,3,1,2000,8,2.331707000732422
fishy_cat,3,2,2000,2,8.974007844924927
fishy_cat,3,2,2000,4,6.783910751342773
fishy_cat,3,2,2000,5,5.5649824142456055
fishy_cat,3,2,2000,8,2.026702642440796
fishy_cat,3,3,2000,2,8.925306558609009
fishy_cat,3,3,2000,4,7.345112562179565
fishy_cat,3,3,2000,5,5.326061010360718
fishy_cat,3,3,2000,8,2.2043163776397705
fishy_cat,3,4,2000,2,10.43098783493042
fishy_cat,3,4,2000,4,7.0606770515441895
fishy_cat,3,4,2000,5,5.62294864654541
fishy_cat,3,4,2000,8,1.9974842071533203
fishy_cat,3,5,2000,2,8.23426604270935
fishy_cat,3,5,2000,4,5.470078706741333
fishy_cat,3,5,2000,5,4.347641468048096
fishy_cat,3,5,2000,8,1.8422191143035889
fishy_cat,3,6,2000,2,4.334210634231567
fishy_cat,3,6,2000,4,2.417099714279175
fishy_cat,3,6,2000,5,2.1421058177948
fishy_cat,3,6,2000,8,0.7812614440917969
fishy_cat,3,7,2000,2,2.502426862716675
fishy_cat,3,7,2000,4,1.601402997970581
fishy_cat,3,7,2000,5,1.2856533527374268
fishy_cat,3,7,2000,8,0.467329740524292
fishy_cat,3,8,2000,2,2.252324104309082
fishy_cat,3,8,2000,4,1.3740158081054688
fishy_cat,3,8,2000,5,1.090111255645752
fishy_cat,3,8,2000,8,0.37450504302978516
fishy_cat,3,9,2000,2,2.2991316318511963
fishy_cat,3,9,2000,4,1.3849916458129883
fishy_cat,3,9,2000,5,1.1026732921600342
fishy_cat,3,9,2000,8,0.4255952835083008
fishy_cat,3,10,2000,2,1.9741699695587158
fishy_cat,3,10,2000,4,1.3965823650360107
fishy_cat,3,10,2000,5,1.0399394035339355
fishy_cat,3,10,2000,8,0.3450911045074463
fishy_cat,3,11,2000,2,2.2535574436187744
fishy_cat,3,11,2000,4,1.2694578170776367
fishy_cat,3,11,2000,5,1.0312995910644531
fishy_cat,3,11,2000,8,0.4152235984802246
fishy_cat,3,12,2000,2,2.286444902420044
fishy_cat,3,12,2000,4,1.3034558296203613
fishy_cat,3,12,2000,5,1.0524828433990479
fishy_cat,3,12,2000,8,0.4941990375518799
fishy_cat,3,13,2000,2,2.200597047805786
fishy_cat,3,13,2000,4,1.249065637588501
fishy_cat,3,13,2000,5,1.089033842086792
fishy_cat,3,13,2000,8,0.44281601905822754
fishy_cat,3,14,2000,2,1.546372652053833
fishy_cat,3,14,2000,4,1.3845314979553223
fishy_cat,3,14,2000,5,0.8920888900756836
fishy_cat,3,14,2000,8,0.2802700996398926
fishy_cat,3,15,2000,2,1.9355125427246094
fishy_cat,3,15,2000,4,1.1359012126922607
fishy_cat,3,15,2000,5,0.9098784923553467
fishy_cat,3,15,2000,8,0.34111595153808594
fishy_cat,4,0,2000,2,7.454654693603516
fishy_cat,4,0,2000,4,5.579362630844116
fishy_cat,4,0,2000,5,4.588818550109863
fishy_cat,4,0,2000,8,1.7099919319152832
fishy_cat,4,1,2000,2,9.908309698104858
fishy_cat,4,1,2000,4,6.613200902938843
fishy_cat,4,1,2000,5,5.279855489730835
fishy_cat,4,1,2000,8,2.161388874053955
fishy_cat,4,2,2000,2,10.124656200408936
fishy_cat,4,2,2000,4,7.858721017837524
fishy_cat,4,2,2000,5,6.14353609085083
fishy_cat,4,2,2000,8,2.2682723999023438
fishy_cat,4,3,2000,2,10.187447547912598
fishy_cat,4,3,2000,4,7.539114952087402
fishy_cat,4,3,2000,5,6.1757707595825195
fishy_cat,4,3,2000,8,2.59456467628479
fishy_cat,4,4,2000,2,9.154343128204346
fishy_cat,4,4,2000,4,6.1735899448394775
fishy_cat,4,4,2000,5,5.0286500453948975
fishy_cat,4,4,2000,8,1.8085472583770752
fishy_cat,4,5,2000,2,5.150017023086548
fishy_cat,4,5,2000,4,3.317188262939453
fishy_cat,4,5,2000,5,2.629556894302368
fishy_cat,4,5,2000,8,1.086594581604004
fishy_cat,4,6,2000,2,3.1948983669281006
fishy_cat,4,6,2000,4,2.2241227626800537
fishy_cat,4,6,2000,5,1.592740774154663
fishy_cat,4,6,2000,8,0.5898768901824951
fishy_cat,4,7,2000,2,2.4567606449127197
fishy_cat,4,7,2000,4,1.539130687713623
fishy_cat,4,7,2000,5,1.1111648082733154
fishy_cat,4,7,2000,8,0.44982075691223145
fishy_cat,4,8,2000,2,2.3441953659057617
fishy_cat,4,8,2000,4,1.374922752380371
fishy_cat,4,8,2000,5,1.0707042217254639
fishy_cat,4,8,2000,8,0.3899257183074951
fishy_cat,4,9,2000,2,2.1042728424072266
fishy_cat,4,9,2000,4,1.292675256729126
fishy_cat,4,9,2000,5,1.0813016891479492
fishy_cat,4,9,2000,8,0.36474013328552246
fishy_cat,4,10,2000,2,1.8935482501983643
fishy_cat,4,10,2000,4,1.2967145442962646
fishy_cat,4,10,2000,5,1.0138540267944336
fishy_cat,4,10,2000,8,0.3377342224121094
fishy_cat,4,11,2000,2,2.2304015159606934
fishy_cat,4,11,2000,4,1.3184003829956055
fishy_cat,4,11,2000,5,1.035520076751709
fishy_cat,4,11,2000,8,0.3932013511657715
fishy_cat,4,12,2000,2,2.0273826122283936
fishy_cat,4,12,2000,4,1.3136143684387207
fishy_cat,4,12,2000,5,0.9979372024536133
fishy_cat,4,12,2000,8,0.39986371994018555
fishy_cat,4,13,2000,2,2.031317710876465
fishy_cat,4,13,2000,4,1.2490646839141846
fishy_cat,4,13,2000,5,0.9379963874816895
fishy_cat,4,13,2000,8,0.5132451057434082
fishy_cat,4,14,2000,2,1.8785252571105957
fishy_cat,4,14,2000,4,1.235802173614502
fishy_cat,4,14,2000,5,0.9228551387786865
fishy_cat,4,14,2000,8,0.42132115364074707
fishy_cat,4,15,2000,2,1.8634660243988037
fishy_cat,4,15,2000,4,1.0928139686584473
fishy_cat,4,15,2000,5,0.9331519603729248
fishy_cat,4,15,2000,8,0.3925514221191406
fishy_cat,5,0,2000,2,10.521237850189209
fishy_cat,5,0,2000,4,6.8374059200286865
fishy_cat,5,0,2000,5,5.618325471878052
fishy_cat,5,0,2000,8,2.03690505027771
fishy_cat,5,1,2000,2,10.286529064178467
fishy_cat,5,1,2000,4,7.361704111099243
fishy_cat,5,1,2000,5,5.906351804733276
fishy_cat,5,1,2000,8,2.397592067718506
fishy_cat,5,2,2000,2,10.024397611618042
fishy_cat,5,2,2000,4,8.071767807006836
fishy_cat,5,2,2000,5,6.408907651901245
fishy_cat,5,2,2000,8,2.354032278060913
fishy_cat,5,3,2000,2,10.767168045043945
fishy_cat,5,3,2000,4,7.734040021896362
fishy_cat,5,3,2000,5,6.1042640209198
fishy_cat,5,3,2000,8,2.5711472034454346
fishy_cat,5,4,2000,2,10.068206548690796
fishy_cat,5,4,2000,4,5.670281410217285
fishy_cat,5,4,2000,5,4.54235315322876
fishy_cat,5,4,2000,8,1.7129991054534912
fishy_cat,5,5,2000,2,4.899223327636719
fishy_cat,5,5,2000,4,2.8797760009765625
fishy_cat,5,5,2000,5,2.2846033573150635
fishy_cat,5,5,2000,8,0.9362618923187256
fishy_cat,5,6,2000,2,2.3653831481933594
fishy_cat,5,6,2000,4,1.5954115390777588
fishy_cat,5,6,2000,5,1.3383097648620605
fishy_cat,5,6,2000,8,0.46073460578918457
fishy_cat,5,7,2000,2,2.466146945953369
fishy_cat,5,7,2000,4,1.3924541473388672
fishy_cat,5,7,2000,5,1.158001184463501
fishy_cat,5,7,2000,8,0.48995327949523926
fishy_cat,5,8,2000,2,2.3241822719573975
fishy_cat,5,8,2000,4,1.3506343364715576
fishy_cat,5,8,2000,5,1.0949902534484863
fishy_cat,5,8,2000,8,0.38013792037963867
fishy_cat,5,9,2000,2,2.2947864532470703
fishy_cat,5,9,2000,4,1.5394530296325684
fishy_cat,5,9,2000,5,1.1047160625457764
fishy_cat,5,9,2000,8,0.39859437942504883
fishy_cat,5,10,2000,2,2.1099839210510254
fishy_cat,5,10,2000,4,1.4252574443817139
fishy_cat,5,10,2000,5,1.1534149646759033
fishy_cat,5,10,2000,8,0.37354063987731934
fishy_cat,5,11,2000,2,6.071003675460815
fishy_cat,5,11,2000,4,3.1055490970611572
fishy_cat,5,11,2000,5,2.5082104206085205
fishy_cat,5,11,2000,8,1.016218662261963
fishy_cat,5,12,2000,2,3.2541074752807617
fishy_cat,5,12,2000,4,1.6296708583831787
fishy_cat,5,12,2000,5,1.2798569202423096
fishy_cat,5,12,2000,8,0.469573974609375
fishy_cat,5,13,2000,2,1.935445785522461
fishy_cat,5,13,2000,4,1.5733935832977295
fishy_cat,5,13,2000,5,1.042501449584961
fishy_cat,5,13,2000,8,0.4287445545196533
fishy_cat,5,14,2000,2,1.9901509284973145
fishy_cat,5,14,2000,4,1.3887465000152588
fishy_cat,5,14,2000,5,1.005981206893921
fishy_cat,5,14,2000,8,0.3628535270690918
fishy_cat,5,15,2000,2,1.692195177078247
fishy_cat,5,15,2000,4,1.105438232421875
fishy_cat,5,15,2000,5,0.8771600723266602
fishy_cat,5,15,2000,8,0.3993525505065918
fishy_cat,6,0,2000,2,9.044013977050781
fishy_cat,6,0,2000,4,7.194223403930664
fishy_cat,6,0,2000,5,5.6399853229522705
fishy_cat,6,0,2000,8,2.00990891456604
fishy_cat,6,1,2000,2,8.326425552368164
fishy_cat,6,1,2000,4,6.902738094329834
fishy_cat,6,1,2000,5,5.496981859207153
fishy_cat,6,1,2000,8,2.299241781234741
fishy_cat,6,2,2000,2,9.898545503616333
fishy_cat,6,2,2000,4,7.965310335159302
fishy_cat,6,2,2000,5,6.328908920288086
fishy_cat,6,2,2000,8,2.3304152488708496
fishy_cat,6,3,2000,2,9.349814414978027
fishy_cat,6,3,2000,4,7.223908424377441
fishy_cat,6,3,2000,5,5.702641725540161
fishy_cat,6,3,2000,8,2.378978967666626
fishy_cat,6,4,2000,2,6.343104600906372
fishy_cat,6,4,2000,4,4.304741859436035
fishy_cat,6,4,2000,5,3.936891794204712
fishy_cat,6,4,2000,8,1.429431676864624
fishy_cat,6,5,2000,2,12.481592178344727
fishy_cat,6,5,2000,4,4.925559759140015
fishy_cat,6,5,2000,5,5.910629987716675
fishy_cat,6,5,2000,8,2.4773292541503906
fishy_cat,6,6,2000,2,6.984011888504028
fishy_cat,6,6,2000,4,3.2700142860412598
fishy_cat,6,6,2000,5,3.356215000152588
fishy_cat,6,6,2000,8,1.2432167530059814
fishy_cat,6,7,2000,2,3.4424917697906494
fishy_cat,6,7,2000,4,1.9271183013916016
fishy_cat,6,7,2000,5,1.6477243900299072
fishy_cat,6,7,2000,8,0.6889691352844238
fishy_cat,6,8,2000,2,2.2845935821533203
fishy_cat,6,8,2000,4,1.7190380096435547
fishy_cat,6,8,2000,5,1.3088786602020264
fishy_cat,6,8,2000,8,0.4930713176727295
fishy_cat,6,9,2000,2,1.9253475666046143
fishy_cat,6,9,2000,4,1.593160629272461
fishy_cat,6,9,2000,5,1.1009788513183594
fishy_cat,6,9,2000,8,0.37152791023254395
fishy_cat,6,10,2000,2,2.0277178287506104
fishy_cat,6,10,2000,4,1.5352590084075928
fishy_cat,6,10,2000,5,1.0757474899291992
fishy_cat,6,10,2000,8,0.31963062286376953
fishy_cat,6,11,2000,2,1.9277088642120361
fishy_cat,6,11,2000,4,1.2957308292388916
fishy_cat,6,11,2000,5,1.0213897228240967
fishy_cat,6,11,2000,8,0.40732359886169434
fishy_cat,6,12,2000,2,2.044802665710449
fishy_cat,6,12,2000,4,1.2229785919189453
fishy_cat,6,12,2000,5,1.044386386871338
fishy_cat,6,12,2000,8,0.3891923427581787
fishy_cat,6,13,2000,2,1.858051061630249
fishy_cat,6,13,2000,4,1.2075178623199463
fishy_cat,6,13,2000,5,1.0364854335784912
fishy_cat,6,13,2000,8,0.4084651470184326
fishy_cat,6,14,2000,2,1.6896007061004639
fishy_cat,6,14,2000,4,1.1412572860717773
fishy_cat,6,14,2000,5,0.9887356758117676
fishy_cat,6,14,2000,8,0.3309504985809326
fishy_cat,6,15,2000,2,1.7317168712615967
fishy_cat,6,15,2000,4,1.108227252960205
fishy_cat,6,15,2000,5,0.8208720684051514
fishy_cat,6,15,2000,8,0.3421447277069092
fishy_cat,7,0,2000,2,8.136269569396973
fishy_cat,7,0,2000,4,6.191563367843628
fishy_cat,7,0,2000,5,4.992281198501587
fishy_cat,7,0,2000,8,1.8138737678527832
fishy_cat,7,1,2000,2,8.17618727684021
fishy_cat,7,1,2000,4,7.425631761550903
fishy_cat,7,1,2000,5,5.349804639816284
fishy_cat,7,1,2000,8,2.260101318359375
fishy_cat,7,2,2000,2,11.010017156600952
fishy_cat,7,2,2000,4,7.760058403015137
fishy_cat,7,2,2000,5,6.210833549499512
fishy_cat,7,2,2000,8,2.3091213703155518
fishy_cat,7,3,2000,2,10.630568504333496
fishy_cat,7,3,2000,4,7.3488500118255615
fishy_cat,7,3,2000,5,5.845937967300415
fishy_cat,7,3,2000,8,2.455341339111328
fishy_cat,7,4,2000,2,15.22150993347168
fishy_cat,7,4,2000,4,8.831736326217651
fishy_cat,7,4,2000,5,7.236845254898071
fishy_cat,7,4,2000,8,2.4604010581970215
fishy_cat,7,5,2000,2,25.131303071975708
fishy_cat,7,5,2000,4,19.608550548553467
fishy_cat,7,5,2000,5,16.13628649711609
fishy_cat,7,5,2000,8,6.791770935058594
fishy_cat,7,6,2000,2,22.567333221435547
fishy_cat,7,6,2000,4,17.16567897796631
fishy_cat,7,6,2000,5,14.476688146591187
fishy_cat,7,6,2000,8,5.327202796936035
fishy_cat,7,7,2000,2,20.75626301765442
fishy_cat,7,7,2000,4,10.192443370819092
fishy_cat,7,7,2000,5,9.197541236877441
fishy_cat,7,7,2000,8,3.992438793182373
fishy_cat,7,8,2000,2,14.455268859863281
fishy_cat,7,8,2000,4,7.13824987411499
fishy_cat,7,8,2000,5,6.859939813613892
fishy_cat,7,8,2000,8,2.540858030319214
fishy_cat,7,9,2000,2,10.07038426399231
fishy_cat,7,9,2000,4,5.087163686752319
fishy_cat,7,9,2000,5,4.849609851837158
fishy_cat,7,9,2000,8,2.125464677810669
fishy_cat,7,10,2000,2,2.4102463722229004
fishy_cat,7,10,2000,4,1.6434319019317627
fishy_cat,7,10,2000,5,1.3756916522979736
fishy_cat,7,10,2000,8,0.5169591903686523
fishy_cat,7,11,2000,2,2.3006956577301025
fishy_cat,7,11,2000,4,1.3473999500274658
fishy_cat,7,11,2000,5,1.0987834930419922
fishy_cat,7,11,2000,8,0.469449520111084
fishy_cat,7,12,2000,2,1.7150261402130127
fishy_cat,7,12,2000,4,1.324479103088379
fishy_cat,7,12,2000,5,1.0212810039520264
fishy_cat,7,12,2000,8,0.4046592712402344
fishy_cat,7,13,2000,2,1.9102191925048828
fishy_cat,7,13,2000,4,1.2450504302978516
fishy_cat,7,13,2000,5,0.9984254837036133
fishy_cat,7,13,2000,8,0.38313794136047363
fishy_cat,7,14,2000,2,1.938723087310791
fishy_cat,7,14,2000,4,1.227116584777832
fishy_cat,7,14,2000,5,0.966822624206543
fishy_cat,7,14,2000,8,0.2997300624847412
fishy_cat,7,15,2000,2,1.7179770469665527
fishy_cat,7,15,2000,4,1.1492397785186768
fishy_cat,7,15,2000,5,0.8762221336364746
fishy_cat,7,15,2000,8,0.3294491767883301
fishy_cat,8,0,2000,2,9.630491971969604
fishy_cat,8,0,2000,4,7.3287858963012695
fishy_cat,8,0,2000,5,5.851628541946411
fishy_cat,8,0,2000,8,2.1153299808502197
fishy_cat,8,1,2000,2,10.06366491317749
fishy_cat,8,1,2000,4,7.359508991241455
fishy_cat,8,1,2000,5,6.009005784988403
fishy_cat,8,1,2000,8,2.467517375946045
fishy_cat,8,2,2000,2,9.734130144119263
fishy_cat,8,2,2000,4,7.562259674072266
fishy_cat,8,2,2000,5,6.0380308628082275
fishy_cat,8,2,2000,8,2.2071356773376465
fishy_cat,8,3,2000,2,8.095154047012329
fishy_cat,8,3,2000,4,6.429291009902954
fishy_cat,8,3,2000,5,5.0410943031311035
fishy_cat,8,3,2000,8,2.1400105953216553
fishy_cat,8,4,2000,2,14.468877792358398
fishy_cat,8,4,2000,4,8.826308012008667
fishy_cat,8,4,2000,5,7.450570106506348
fishy_cat,8,4,2000,8,2.454942226409912
fishy_cat,8,5,2000,2,30.99363374710083
fishy_cat,8,5,2000,4,20.47810649871826
fishy_cat,8,5,2000,5,16.41559600830078
fishy_cat,8,5,2000,8,7.011963367462158
fishy_cat,8,6,2000,2,21.822907209396362
fishy_cat,8,6,2000,4,14.252628087997437
fishy_cat,8,6,2000,5,11.097460508346558
fishy_cat,8,6,2000,8,4.208952188491821
fishy_cat,8,7,2000,2,16.77614450454712
fishy_cat,8,7,2000,4,9.684563398361206
fishy_cat,8,7,2000,5,7.311647891998291
fishy_cat,8,7,2000,8,3.1400070190429688
fishy_cat,8,8,2000,2,17.093114137649536
fishy_cat,8,8,2000,4,15.278879880905151
fishy_cat,8,8,2000,5,12.15697693824768
fishy_cat,8,8,2000,8,4.424800634384155
fishy_cat,8,9,2000,2,15.736254453659058
fishy_cat,8,9,2000,4,12.416544675827026
fishy_cat,8,9,2000,5,10.047536373138428
fishy_cat,8,9,2000,8,4.255740642547607
fishy_cat,8,10,2000,2,6.437546253204346
fishy_cat,8,10,2000,4,2.939333200454712
fishy_cat,8,10,2000,5,2.7029623985290527
fishy_cat,8,10,2000,8,1.0580992698669434
fishy_cat,8,11,2000,2,2.355530023574829
fishy_cat,8,11,2000,4,1.36985445022583
fishy_cat,8,11,2000,5,1.0511524677276611
fishy_cat,8,11,2000,8,0.4677467346191406
fishy_cat,8,12,2000,2,1.8497653007507324
fishy_cat,8,12,2000,4,1.2429230213165283
fishy_cat,8,12,2000,5,1.0535004138946533
fishy_cat,8,12,2000,8,0.3098325729370117
fishy_cat,8,13,2000,2,1.75571870803833
fishy_cat,8,13,2000,4,1.2897648811340332
fishy_cat,8,13,2000,5,0.9752569198608398
fishy_cat,8,13,2000,8,0.4680037498474121
fishy_cat,8,14,2000,2,1.8214328289031982
fishy_cat,8,14,2000,4,1.1811630725860596
fishy_cat,8,14,2000,5,0.9638731479644775
fishy_cat,8,14,2000,8,0.3053438663482666
fishy_cat,8,15,2000,2,1.6975502967834473
fishy_cat,8,15,2000,4,1.0829622745513916
fishy_cat,8,15,2000,5,0.7954022884368896
fishy_cat,8,15,2000,8,0.30639076232910156
fishy_cat,9,0,2000,2,9.957762718200684
fishy_cat,9,0,2000,4,7.589231014251709
fishy_cat,9,0,2000,5,5.865301609039307
fishy_cat,9,0,2000,8,2.1285486221313477
fishy_cat,9,1,2000,2,10.419642448425293
fishy_cat,9,1,2000,4,8.391005754470825
fishy_cat,9,1,2000,5,6.704716682434082
fishy_cat,9,1,2000,8,2.7582156658172607
fishy_cat,9,2,2000,2,12.718727350234985
fishy_cat,9,2,2000,4,9.957115888595581
fishy_cat,9,2,2000,5,7.736849784851074
fishy_cat,9,2,2000,8,2.851144552230835
fishy_cat,9,3,2000,2,15.391809701919556
fishy_cat,9,3,2000,4,12.128549575805664
fishy_cat,9,3,2000,5,9.757394790649414
fishy_cat,9,3,2000,8,4.025028467178345
fishy_cat,9,4,2000,2,25.563606023788452
fishy_cat,9,4,2000,4,19.925791263580322
fishy_cat,9,4,2000,5,16.08362650871277
fishy_cat,9,4,2000,8,5.6822357177734375
fishy_cat,9,5,2000,2,27.683980703353882
fishy_cat,9,5,2000,4,19.5623836517334
fishy_cat,9,5,2000,5,15.605146408081055
fishy_cat,9,5,2000,8,6.691295146942139
fishy_cat,9,6,2000,2,26.213943004608154
fishy_cat,9,6,2000,4,21.27482581138611
fishy_cat,9,6,2000,5,15.726044178009033
fishy_cat,9,6,2000,8,5.890831708908081
fishy_cat,9,7,2000,2,15.192038536071777
fishy_cat,9,7,2000,4,10.550203561782837
fishy_cat,9,7,2000,5,9.638919591903687
fishy_cat,9,7,2000,8,4.1061482429504395
fishy_cat,9,8,2000,2,18.81999397277832
fishy_cat,9,8,2000,4,15.199950695037842
fishy_cat,9,8,2000,5,12.259440183639526
fishy_cat,9,8,2000,8,4.450475215911865
fishy_cat,9,9,2000,2,16.11967182159424
fishy_cat,9,9,2000,4,12.849042892456055
fishy_cat,9,9,2000,5,10.265417098999023
fishy_cat,9,9,2000,8,4.370772838592529
fishy_cat,9,10,2000,2,13.377207040786743
fishy_cat,9,10,2000,4,8.008210897445679
fishy_cat,9,10,2000,5,5.723531007766724
fishy_cat,9,10,2000,8,2.190300703048706
fishy_cat,9,11,2000,2,2.219647169113159
fishy_cat,9,11,2000,4,1.3704578876495361
fishy_cat,9,11,2000,5,1.0191011428833008
fishy_cat,9,11,2000,8,0.4541325569152832
fishy_cat,9,12,2000,2,2.0370261669158936
fishy_cat,9,12,2000,4,1.5130467414855957
fishy_cat,9,12,2000,5,1.037968397140503
fishy_cat,9,12,2000,8,0.32886409759521484
fishy_cat,9,13,2000,2,1.7166094779968262
fishy_cat,9,13,2000,4,1.2288756370544434
fishy_cat,9,13,2000,5,0.9532945156097412
fishy_cat,9,13,2000,8,0.3967137336730957
fishy_cat,9,14,2000,2,1.8935496807098389
fishy_cat,9,14,2000,4,1.3295764923095703
fishy_cat,9,14,2000,5,0.9818172454833984
fishy_cat,9,14,2000,8,0.2853107452392578
fishy_cat,9,15,2000,2,1.91121506690979
fishy_cat,9,15,2000,4,1.1072702407836914
fishy_cat,9,15,2000,5,0.8815972805023193
fishy_cat,9,15,2000,8,0.3979337215423584
fishy_cat,10,0,2000,2,9.256959199905396
fishy_cat,10,0,2000,4,7.631381988525391
fishy_cat,10,0,2000,5,6.112052917480469
fishy_cat,10,0,2000,8,2.1795971393585205
fishy_cat,10,1,2000,2,11.236697912216187
fishy_cat,10,1,2000,4,8.586922883987427
fishy_cat,10,1,2000,5,6.818814754486084
fishy_cat,10,1,2000,8,2.7744619846343994
fishy_cat,10,2,2000,2,11.443539381027222
fishy_cat,10,2,2000,4,8.988780975341797
fishy_cat,10,2,2000,5,7.1503777503967285
fishy_cat,10,2,2000,8,2.6601223945617676
fishy_cat,10,3,2000,2,12.375544309616089
fishy_cat,10,3,2000,4,8.697041988372803
fishy_cat,10,3,2000,5,6.712642669677734
fishy_cat,10,3,2000,8,2.800598621368408
fishy_cat,10,4,2000,2,20.21971607208252
fishy_cat,10,4,2000,4,14.844533205032349
fishy_cat,10,4,2000,5,11.935680627822876
fishy_cat,10,4,2000,8,4.224325180053711
fishy_cat,10,5,2000,2,23.532652616500854
fishy_cat,10,5,2000,4,19.84539294242859
fishy_cat,10,5,2000,5,14.395929098129272
fishy_cat,10,5,2000,8,6.178864002227783
fishy_cat,10,6,2000,2,21.20846676826477
fishy_cat,10,6,2000,4,17.08694338798523
fishy_cat,10,6,2000,5,12.752939462661743
fishy_cat,10,6,2000,8,4.667505264282227
fishy_cat,10,7,2000,2,18.93162250518799
fishy_cat,10,7,2000,4,13.357000827789307
fishy_cat,10,7,2000,5,9.424680709838867
fishy_cat,10,7,2000,8,3.9480080604553223
fishy_cat,10,8,2000,2,18.756038665771484
fishy_cat,10,8,2000,4,13.475221157073975
fishy_cat,10,8,2000,5,9.680702209472656
fishy_cat,10,8,2000,8,3.567216157913208
fishy_cat,10,9,2000,2,15.731186866760254
fishy_cat,10,9,2000,4,12.745025873184204
fishy_cat,10,9,2000,5,10.46731686592102
fishy_cat,10,9,2000,8,4.402015924453735
fishy_cat,10,10,2000,2,8.551138877868652
fishy_cat,10,10,2000,4,4.314253807067871
fishy_cat,10,10,2000,5,3.114531993865967
fishy_cat,10,10,2000,8,1.1749460697174072
fishy_cat,10,11,2000,2,2.038482666015625
fishy_cat,10,11,2000,4,1.286865234375
fishy_cat,10,11,2000,5,1.0472502708435059
fishy_cat,10,11,2000,8,0.4641728401184082
fishy_cat,10,12,2000,2,1.9729077816009521
fishy_cat,10,12,2000,4,1.2336397171020508
fishy_cat,10,12,2000,5,1.0579559803009033
fishy_cat,10,12,2000,8,0.386181116104126
fishy_cat,10,13,2000,2,1.8943705558776855
fishy_cat,10,13,2000,4,1.2008652687072754
fishy_cat,10,13,2000,5,1.0474507808685303
fishy_cat,10,13,2000,8,0.37718677520751953
fishy_cat,10,14,2000,2,1.6457157135009766
fishy_cat,10,14,2000,4,1.1669867038726807
fishy_cat,10,14,2000,5,0.9782185554504395
fishy_cat,10,14,2000,8,0.2852914333343506
fishy_cat,10,15,2000,2,1.881483554840088
fishy_cat,10,15,2000,4,1.0531697273254395
fishy_cat,10,15,2000,5,0.8354012966156006
fishy_cat,10,15,2000,8,0.31738829612731934
fishy_cat,11,0,2000,2,10.923954248428345
fishy_cat,11,0,2000,4,7.33816123008728
fishy_cat,11,0,2000,5,5.873958110809326
fishy_cat,11,0,2000,8,2.346095085144043
fishy_cat,11,1,2000,2,10.269180059432983
fishy_cat,11,1,2000,4,8.980108261108398
fishy_cat,11,1,2000,5,6.485243082046509
fishy_cat,11,1,2000,8,2.6034040451049805
fishy_cat,11,2,2000,2,11.923023462295532
fishy_cat,11,2,2000,4,8.507024765014648
fishy_cat,11,2,2000,5,6.779523849487305
fishy_cat,11,2,2000,8,2.478317975997925
fishy_cat,11,3,2000,2,8.139587640762329
fishy_cat,11,3,2000,4,6.064033508300781
fishy_cat,11,3,2000,5,4.814668655395508
fishy_cat,11,3,2000,8,2.0813374519348145
fishy_cat,11,4,2000,2,20.496180772781372
fishy_cat,11,4,2000,4,13.453112125396729
fishy_cat,11,4,2000,5,10.888992071151733
fishy_cat,11,4,2000,8,3.956540822982788
fishy_cat,11,5,2000,2,20.36081314086914
fishy_cat,11,5,2000,4,14.799811601638794
fishy_cat,11,5,2000,5,11.565232276916504
fishy_cat,11,5,2000,8,4.941201448440552
fishy_cat,11,6,2000,2,12.249065160751343
fishy_cat,11,6,2000,4,7.061119556427002
fishy_cat,11,6,2000,5,5.687101125717163
fishy_cat,11,6,2000,8,2.1932830810546875
fishy_cat,11,7,2000,2,4.4366209506988525
fishy_cat,11,7,2000,4,3.0894103050231934
fishy_cat,11,7,2000,5,2.125016450881958
fishy_cat,11,7,2000,8,0.8923227787017822
fishy_cat,11,8,2000,2,7.214095115661621
fishy_cat,11,8,2000,4,6.409118413925171
fishy_cat,11,8,2000,5,4.839218854904175
fishy_cat,11,8,2000,8,1.746037483215332
fishy_cat,11,9,2000,2,13.709710597991943
fishy_cat,11,9,2000,4,8.933604001998901
fishy_cat,11,9,2000,5,6.270169258117676
fishy_cat,11,9,2000,8,2.7248799800872803
fishy_cat,11,10,2000,2,2.3447811603546143
fishy_cat,11,10,2000,4,1.695115566253662
fishy_cat,11,10,2000,5,1.397045612335205
fishy_cat,11,10,2000,8,0.5271499156951904
fishy_cat,11,11,2000,2,2.1713054180145264
fishy_cat,11,11,2000,4,1.3821637630462646
fishy_cat,11,11,2000,5,1.0723929405212402
fishy_cat,11,11,2000,8,0.5057077407836914
fishy_cat,11,12,2000,2,2.231996536254883
fishy_cat,11,12,2000,4,1.1960828304290771
fishy_cat,11,12,2000,5,1.0187454223632812
fishy_cat,11,12,2000,8,0.3000364303588867
fishy_cat,11,13,2000,2,2.0624313354492188
fishy_cat,11,13,2000,4,1.229355812072754
fishy_cat,11,13,2000,5,1.0172779560089111
fishy_cat,11,13,2000,8,0.3679344654083252
fishy_cat,11,14,2000,2,1.7413675785064697
fishy_cat,11,14,2000,4,1.1108720302581787
fishy_cat,11,14,2000,5,0.8870747089385986
fishy_cat,11,14,2000,8,0.340268611907959
fishy_cat,11,15,2000,2,1.7161974906921387
fishy_cat,11,15,2000,4,1.0734307765960693
fishy_cat,11,15,2000,5,0.8548202514648438
fishy_cat,11,15,2000,8,0.36055970191955566
fishy_cat,12,0,2000,2,9.418907403945923
fishy_cat,12,0,2000,4,7.412445783615112
fishy_cat,12,0,2000,5,5.854749917984009
fishy_cat,12,0,2000,8,2.079521656036377
fishy_cat,12,1,2000,2,9.286705493927002
fishy_cat,12,1,2000,4,7.586644172668457
fishy_cat,12,1,2000,5,6.0713584423065186
fishy_cat,12,1,2000,8,2.5249855518341064
fishy_cat,12,2,2000,2,10.0225088596344
fishy_cat,12,2,2000,4,7.935665845870972
fishy_cat,12,2,2000,5,6.370406866073608
fishy_cat,12,2,2000,8,2.3812179565429688
fishy_cat,12,3,2000,2,10.036484479904175
fishy_cat,12,3,2000,4,6.831486225128174
fishy_cat,12,3,2000,5,5.558321237564087
fishy_cat,12,3,2000,8,2.306572675704956
fishy_cat,12,4,2000,2,20.437886238098145
fishy_cat,12,4,2000,4,12.128410339355469
fishy_cat,12,4,2000,5,8.1984384059906
fishy_cat,12,4,2000,8,2.8405327796936035
fishy_cat,12,5,2000,2,18.757918119430542
fishy_cat,12,5,2000,4,15.628717184066772
fishy_cat,12,5,2000,5,11.534550905227661
fishy_cat,12,5,2000,8,4.779321908950806
fishy_cat,12,6,2000,2,16.174163579940796
fishy_cat,12,6,2000,4,11.546192407608032
fishy_cat,12,6,2000,5,9.104791641235352
fishy_cat,12,6,2000,8,3.274639129638672
fishy_cat,12,7,2000,2,12.396587610244751
fishy_cat,12,7,2000,4,8.090291261672974
fishy_cat,12,7,2000,5,6.47129225730896
fishy_cat,12,7,2000,8,2.7019407749176025
fishy_cat,12,8,2000,2,11.901328802108765
fishy_cat,12,8,2000,4,8.459096193313599
fishy_cat,12,8,2000,5,6.59619927406311
fishy_cat,12,8,2000,8,2.436614751815796
fishy_cat,12,9,2000,2,10.140558958053589
fishy_cat,12,9,2000,4,3.7840516567230225
fishy_cat,12,9,2000,5,3.435307264328003
fishy_cat,12,9,2000,8,1.4634006023406982
fishy_cat,12,10,2000,2,2.0350916385650635
fishy_cat,12,10,2000,4,1.3648028373718262
fishy_cat,12,10,2000,5,1.1107964515686035
fishy_cat,12,10,2000,8,0.3813505172729492
fishy_cat,12,11,2000,2,2.236246347427368
fishy_cat,12,11,2000,4,1.4503850936889648
fishy_cat,12,11,2000,5,1.0143117904663086
fishy_cat,12,11,2000,8,0.45479369163513184
fishy_cat,12,12,2000,2,1.8709678649902344
fishy_cat,12,12,2000,4,1.245387077331543
fishy_cat,12,12,2000,5,1.055229663848877
fishy_cat,12,12,2000,8,0.3346562385559082
fishy_cat,12,13,2000,2,2.090395450592041
fishy_cat,12,13,2000,4,1.1962146759033203
fishy_cat,12,13,2000,5,0.9625990390777588
fishy_cat,12,13,2000,8,0.4102942943572998
fishy_cat,12,14,2000,2,1.9357035160064697
fishy_cat,12,14,2000,4,1.2333652973175049
fishy_cat,12,14,2000,5,0.9491899013519287
fishy_cat,12,14,2000,8,0.36313319206237793
fishy_cat,12,15,2000,2,1.8901031017303467
fishy_cat,12,15,2000,4,1.1232519149780273
fishy_cat,12,15,2000,5,0.775925874710083
fishy_cat,12,15,2000,8,0.33605003356933594
fishy_cat,13,0,2000,2,9.513127088546753
fishy_cat,13,0,2000,4,8.278892993927002
fishy_cat,13,0,2000,5,6.030703544616699
fishy_cat,13,0,2000,8,2.1531336307525635
fishy_cat,13,1,2000,2,10.86937689781189
fishy_cat,13,1,2000,4,7.493123531341553
fishy_cat,13,1,2000,5,6.04462194442749
fishy_cat,13,1,2000,8,2.544545888900757
fishy_cat,13,2,2000,2,9.28337049484253
fishy_cat,13,2,2000,4,7.906814813613892
fishy_cat,13,2,2000,5,6.255790710449219
fishy_cat,13,2,2000,8,2.27974534034729
fishy_cat,13,3,2000,2,10.255390167236328
fishy_cat,13,3,2000,4,7.868009805679321
fishy_cat,13,3,2000,5,6.186332702636719
fishy_cat,13,3,2000,8,2.5029242038726807
fishy_cat,13,4,2000,2,6.977263450622559
fishy_cat,13,4,2000,4,5.571316957473755
fishy_cat,13,4,2000,5,4.519147634506226
fishy_cat,13,4,2000,8,1.589609146118164
fishy_cat,13,5,2000,2,3.9965786933898926
fishy_cat,13,5,2000,4,2.409736394882202
fishy_cat,13,5,2000,5,1.849541187286377
fishy_cat,13,5,2000,8,0.7665190696716309
fishy_cat,13,6,2000,2,1.9281375408172607
fishy_cat,13,6,2000,4,1.853191614151001
fishy_cat,13,6,2000,5,1.263611078262329
fishy_cat,13,6,2000,8,0.43967556953430176
fishy_cat,13,7,2000,2,2.3392269611358643
fishy_cat,13,7,2000,4,1.5115270614624023
fishy_cat,13,7,2000,5,1.1793763637542725
fishy_cat,13,7,2000,8,0.4956634044647217
fishy_cat,13,8,2000,2,7.311126947402954
fishy_cat,13,8,2000,4,3.5111639499664307
fishy_cat,13,8,2000,5,2.656179666519165
fishy_cat,13,8,2000,8,0.861433744430542
fishy_cat,13,9,2000,2,10.610018968582153
fishy_cat,13,9,2000,4,4.960303544998169
fishy_cat,13,9,2000,5,3.3145322799682617
fishy_cat,13,9,2000,8,1.4370803833007812
fishy_cat,13,10,2000,2,1.6922399997711182
fishy_cat,13,10,2000,4,1.3147296905517578
fishy_cat,13,10,2000,5,1.0180232524871826
fishy_cat,13,10,2000,8,0.4354064464569092
fishy_cat,13,11,2000,2,2.0677125453948975
fishy_cat,13,11,2000,4,1.3218119144439697
fishy_cat,13,11,2000,5,1.0014405250549316
fishy_cat,13,11,2000,8,0.37437868118286133
fishy_cat,13,12,2000,2,1.9422855377197266
fishy_cat,13,12,2000,4,1.4667203426361084
fishy_cat,13,12,2000,5,1.0153071880340576
fishy_cat,13,12,2000,8,0.34229588508605957
fishy_cat,13,13,2000,2,1.7665302753448486
fishy_cat,13,13,2000,4,1.2156116962432861
fishy_cat,13,13,2000,5,0.9988441467285156
fishy_cat,13,13,2000,8,0.4182620048522949
fishy_cat,13,14,2000,2,1.5403990745544434
fishy_cat,13,14,2000,4,1.1471900939941406
fishy_cat,13,14,2000,5,0.8706810474395752
fishy_cat,13,14,2000,8,0.33725523948669434
fishy_cat,13,15,2000,2,1.418309211730957
fishy_cat,13,15,2000,4,1.086881160736084
fishy_cat,13,15,2000,5,0.817936897277832
fishy_cat,13,15,2000,8,0.3368358612060547
fishy_cat,14,0,2000,2,9.762868881225586
fishy_cat,14,0,2000,4,6.973189353942871
fishy_cat,14,0,2000,5,5.62671422958374
fishy_cat,14,0,2000,8,2.0780184268951416
fishy_cat,14,1,2000,2,9.146744012832642
fishy_cat,14,1,2000,4,7.072106599807739
fishy_cat,14,1,2000,5,5.696519613265991
fishy_cat,14,1,2000,8,2.3956260681152344
fishy_cat,14,2,2000,2,10.157004833221436
fishy_cat,14,2,2000,4,7.285943984985352
fishy_cat,14,2,2000,5,5.798551559448242
fishy_cat,14,2,2000,8,2.0684216022491455
fishy_cat,14,3,2000,2,9.98775029182434
fishy_cat,14,3,2000,4,7.954219102859497
fishy_cat,14,3,2000,5,6.58554220199585
fishy_cat,14,3,2000,8,2.8109261989593506
fishy_cat,14,4,2000,2,10.738823175430298
fishy_cat,14,4,2000,4,5.7805869579315186
fishy_cat,14,4,2000,5,5.056952476501465
fishy_cat,14,4,2000,8,1.9031972885131836
fishy_cat,14,5,2000,2,2.498656988143921
fishy_cat,14,5,2000,4,1.854051113128662
fishy_cat,14,5,2000,5,1.6179566383361816
fishy_cat,14,5,2000,8,0.629622220993042
fishy_cat,14,6,2000,2,2.2393760681152344
fishy_cat,14,6,2000,4,1.348703145980835
fishy_cat,14,6,2000,5,1.0036911964416504
fishy_cat,14,6,2000,8,0.4441843032836914
fishy_cat,14,7,2000,2,1.9194340705871582
fishy_cat,14,7,2000,4,1.2641234397888184
fishy_cat,14,7,2000,5,1.0359728336334229
fishy_cat,14,7,2000,8,0.4421570301055908
fishy_cat,14,8,2000,2,2.182258129119873
fishy_cat,14,8,2000,4,1.257401466369629
fishy_cat,14,8,2000,5,0.9607396125793457
fishy_cat,14,8,2000,8,0.3422818183898926
fishy_cat,14,9,2000,2,2.0075995922088623
fishy_cat,14,9,2000,4,1.2624337673187256
fishy_cat,14,9,2000,5,0.9683914184570312
fishy_cat,14,9,2000,8,0.35265421867370605
fishy_cat,14,10,2000,2,1.9794917106628418
fishy_cat,14,10,2000,4,1.2949495315551758
fishy_cat,14,10,2000,5,0.9401555061340332
fishy_cat,14,10,2000,8,0.35752058029174805
fishy_cat,14,11,2000,2,1.786365270614624
fishy_cat,14,11,2000,4,1.2740905284881592
fishy_cat,14,11,2000,5,0.9862096309661865
fishy_cat,14,11,2000,8,0.4224843978881836
fishy_cat,14,12,2000,2,2.188214063644409
fishy_cat,14,12,2000,4,1.1813321113586426
fishy_cat,14,12,2000,5,0.9759304523468018
fishy_cat,14,12,2000,8,0.3242511749267578
fishy_cat,14,13,2000,2,2.015005111694336
fishy_cat,14,13,2000,4,1.2334129810333252
fishy_cat,14,13,2000,5,0.9587080478668213
fishy_cat,14,13,2000,8,0.3596947193145752
fishy_cat,14,14,2000,2,2.067155599594116
fishy_cat,14,14,2000,4,1.175445318222046
fishy_cat,14,14,2000,5,0.8871970176696777
fishy_cat,14,14,2000,8,0.31854796409606934
fishy_cat,14,15,2000,2,1.806034803390503
fishy_cat,14,15,2000,4,1.0392687320709229
fishy_cat,14,15,2000,5,0.8850173950195312
fishy_cat,14,15,2000,8,0.40470242500305176
fishy_cat,15,0,2000,2,10.762532234191895
fishy_cat,15,0,2000,4,7.518688201904297
fishy_cat,15,0,2000,5,5.417951345443726
fishy_cat,15,0,2000,8,1.9736526012420654
fishy_cat,15,1,2000,2,8.564242362976074
fishy_cat,15,1,2000,4,6.460257291793823
fishy_cat,15,1,2000,5,5.190102577209473
fishy_cat,15,1,2000,8,2.149566411972046
fishy_cat,15,2,2000,2,9.018342018127441
fishy_cat,15,2,2000,4,7.117657423019409
fishy_cat,15,2,2000,5,5.87535285949707
fishy_cat,15,2,2000,8,2.0886306762695312
fishy_cat,15,3,2000,2,9.519386291503906
fishy_cat,15,3,2000,4,7.595524072647095
fishy_cat,15,3,2000,5,6.109150648117065
fishy_cat,15,3,2000,8,2.5539069175720215
fishy_cat,15,4,2000,2,9.744370460510254
fishy_cat,15,4,2000,4,7.914120435714722
fishy_cat,15,4,2000,5,6.499599933624268
fishy_cat,15,4,2000,8,2.362499713897705
fishy_cat,15,5,2000,2,6.08038854598999
fishy_cat,15,5,2000,4,3.751211404800415
fishy_cat,15,5,2000,5,2.7607500553131104
fishy_cat,15,5,2000,8,1.2359952926635742
fishy_cat,15,6,2000,2,2.0998611450195312
fishy_cat,15,6,2000,4,1.2827465534210205
fishy_cat,15,6,2000,5,1.1434457302093506
fishy_cat,15,6,2000,8,0.45957326889038086
fishy_cat,15,7,2000,2,2.2454819679260254
fishy_cat,15,7,2000,4,1.3212761878967285
fishy_cat,15,7,2000,5,0.9728913307189941
fishy_cat,15,7,2000,8,0.4951772689819336
fishy_cat,15,8,2000,2,2.134066343307495
fishy_cat,15,8,2000,4,1.2598416805267334
fishy_cat,15,8,2000,5,1.0738279819488525
fishy_cat,15,8,2000,8,0.3642239570617676
fishy_cat,15,9,2000,2,1.8708865642547607
fishy_cat,15,9,2000,4,1.3130295276641846
fishy_cat,15,9,2000,5,0.9974384307861328
fishy_cat,15,9,2000,8,0.36900973320007324
fishy_cat,15,10,2000,2,1.922454833984375
fishy_cat,15,10,2000,4,1.230053186416626
fishy_cat,15,10,2000,5,1.0629374980926514
fishy_cat,15,10,2000,8,0.4035947322845459
fishy_cat,15,11,2000,2,2.177351713180542
fishy_cat,15,11,2000,4,1.3226871490478516
fishy_cat,15,11,2000,5,1.0045650005340576
fishy_cat,15,11,2000,8,0.3191499710083008
fishy_cat,15,12,2000,2,1.9184610843658447
fishy_cat,15,12,2000,4,1.2566134929656982
fishy_cat,15,12,2000,5,0.9821488857269287
fishy_cat,15,12,2000,8,0.29734063148498535
fishy_cat,15,13,2000,2,1.5983920097351074
fishy_cat,15,13,2000,4,1.1631476879119873
fishy_cat,15,13,2000,5,0.9296083450317383
fishy_cat,15,13,2000,8,0.3747982978820801
fishy_cat,15,14,2000,2,1.7176105976104736
fishy_cat,15,14,2000,4,1.1197710037231445
fishy_cat,15,14,2000,5,0.8527119159698486
fishy_cat,15,14,2000,8,0.31108593940734863
fishy_cat,15,15,2000,2,2.0212595462799072
fishy_cat,15,15,2000,4,0.9869861602783203
fishy_cat,15,15,2000,5,0.8636918067932129
fishy_cat,15,15,2000,8,0.4085979461669922
scene-Helicopter-27,0,0,10,1,0.23519468307495117
scene-Helicopter-27,0,1,10,1,0.2431321144104004
scene-Helicopter-27,0,2,10,1,0.21706581115722656
scene-Helicopter-27,0,3,10,1,0.2248399257659912
scene-Helicopter-27,1,0,10,1,0.3934199810028076
scene-Helicopter-27,1,1,10,1,0.5641434192657471
scene-Helicopter-27,1,2,10,1,0.4273872375488281
scene-Helicopter-27,1,3,10,1,0.22905540466308594
scene-Helicopter-27,2,0,10,1,0.36282777786254883
scene-Helicopter-27,2,1,10,1,0.5573229789733887
scene-Helicopter-27,2,2,10,1,0.6518926620483398
scene-Helicopter-27,2,3,10,1,0.2526099681854248
scene-Helicopter-27,3,0,10,1,0.23331093788146973
scene-Helicopter-27,3,1,10,1,0.23549175262451172
scene-Helicopter-27,3,2,10,1,0.2385239601135254
scene-Helicopter-27,3,3,10,1,0.23065829277038574
scene-Helicopter-27,0,0,20,1,0.46283769607543945
scene-Helicopter-27,0,1,20,1,0.4869046211242676
scene-Helicopter-27,0,2,20,1,0.44707584381103516
scene-Helicopter-27,0,3,20,1,0.45165467262268066
scene-Helicopter-27,1,0,20,1,0.796191930770874
scene-Helicopter-27,1,1,20,1,1.1391832828521729
scene-Helicopter-27,1,2,20,1,0.8605873584747314
scene-Helicopter-27,1,3,20,1,0.4632449150085449
scene-Helicopter-27,2,0,20,1,0.7327616214752197
scene-Helicopter-27,2,1,20,1,1.1302294731140137
scene-Helicopter-27,2,2,20,1,1.3034181594848633
scene-Helicopter-27,2,3,20,1,0.5156757831573486
scene-Helicopter-27,3,0,20,1,0.47818613052368164
scene-Helicopter-27,3,1,20,1,0.47030186653137207
scene-Helicopter-27,3,2,20,1,0.4766876697540283
scene-Helicopter-27,3,3,20,1,0.4600334167480469
scene-Helicopter-27,0,0,30,1,0.6957640647888184
scene-Helicopter-27,0,1,30,1,0.7313892841339111
scene-Helicopter-27,0,2,30,1,0.6535353660583496
scene-Helicopter-27,0,3,30,1,0.6697144508361816
scene-Helicopter-27,1,0,30,1,1.1814937591552734
scene-Helicopter-27,1,1,30,1,1.717268705368042
scene-Helicopter-27,1,2,30,1,1.2856338024139404
scene-Helicopter-27,1,3,30,1,0.6922152042388916
scene-Helicopter-27,2,0,30,1,1.0954272747039795
scene-Helicopter-27,2,1,30,1,1.686173677444458
scene-Helicopter-27,2,2,30,1,1.9674949645996094
scene-Helicopter-27,2,3,30,1,0.7658898830413818
scene-Helicopter-27,3,0,30,1,0.701021671295166
scene-Helicopter-27,3,1,30,1,0.7014684677124023
scene-Helicopter-27,3,2,30,1,0.719261884689331
scene-Helicopter-27,3,3,30,1,0.6879370212554932
scene-Helicopter-27,0,0,40,1,0.9299261569976807
scene-Helicopter-27,0,1,40,1,0.9552247524261475
scene-Helicopter-27,0,2,40,1,0.8726024627685547
scene-Helicopter-27,0,3,40,1,0.892714262008667
scene-Helicopter-27,1,0,40,1,1.5861060619354248
scene-Helicopter-27,1,1,40,1,2.2656476497650146
scene-Helicopter-27,1,2,40,1,1.7095286846160889
scene-Helicopter-27,1,3,40,1,0.9252800941467285
scene-Helicopter-27,2,0,40,1,1.4568824768066406
scene-Helicopter-27,2,1,40,1,2.249940872192383
scene-Helicopter-27,2,2,40,1,2.6182427406311035
scene-Helicopter-27,2,3,40,1,1.0245633125305176
scene-Helicopter-27,3,0,40,1,0.937798261642456
scene-Helicopter-27,3,1,40,1,0.9284181594848633
scene-Helicopter-27,3,2,40,1,0.9510557651519775
scene-Helicopter-27,3,3,40,1,0.9258060455322266
scene-Helicopter-27,0,0,50,1,1.1537585258483887
scene-Helicopter-27,0,1,50,1,1.2012355327606201
scene-Helicopter-27,0,2,50,1,1.0963025093078613
scene-Helicopter-27,0,3,50,1,1.112027883529663
scene-Helicopter-27,1,0,50,1,1.9971153736114502
scene-Helicopter-27,1,1,50,1,2.8455400466918945
scene-Helicopter-27,1,2,50,1,2.145463466644287
scene-Helicopter-27,1,3,50,1,1.1590020656585693
scene-Helicopter-27,2,0,50,1,1.8104596138000488
scene-Helicopter-27,2,1,50,1,2.8039889335632324
scene-Helicopter-27,2,2,50,1,3.2800652980804443
scene-Helicopter-27,2,3,50,1,1.27474045753479
scene-Helicopter-27,3,0,50,1,1.1648313999176025
scene-Helicopter-27,3,1,50,1,1.1762993335723877
scene-Helicopter-27,3,2,50,1,1.1957850456237793
scene-Helicopter-27,3,3,50,1,1.1680281162261963
scene-Helicopter-27,0,0,100,1,2.3246328830718994
scene-Helicopter-27,0,1,100,1,2.4281139373779297
scene-Helicopter-27,0,2,100,1,2.219320058822632
scene-Helicopter-27,0,3,100,1,2.26147723197937
scene-Helicopter-27,1,0,100,1,4.006427764892578
scene-Helicopter-27,1,1,100,1,5.67390513420105
scene-Helicopter-27,1,2,100,1,4.286976337432861
scene-Helicopter-27,1,3,100,1,2.3518292903900146
scene-Helicopter-27,2,0,100,1,3.6449224948883057
scene-Helicopter-27,2,1,100,1,5.603935241699219
scene-Helicopter-27,2,2,100,1,6.502002239227295
scene-Helicopter-27,2,3,100,1,2.6003923416137695
scene-Helicopter-27,3,0,100,1,2.363387107849121
scene-Helicopter-27,3,1,100,1,2.397813320159912
scene-Helicopter-27,3,2,100,1,2.4283711910247803
scene-Helicopter-27,3,3,100,1,2.348466634750366
scene-Helicopter-27,0,0,200,1,4.649643898010254
scene-Helicopter-27,0,1,200,1,4.874767065048218
scene-Helicopter-27,0,2,200,1,4.404074668884277
scene-Helicopter-27,0,3,200,1,4.534451484680176
scene-Helicopter-27,1,0,200,1,8.007676601409912
scene-Helicopter-27,1,1,200,1,11.331889629364014
scene-Helicopter-27,1,2,200,1,8.579861879348755
scene-Helicopter-27,1,3,200,1,4.683598756790161
scene-Helicopter-27,2,0,200,1,7.16921067237854
scene-Helicopter-27,2,1,200,1,11.171927213668823
scene-Helicopter-27,2,2,200,1,12.999912977218628
scene-Helicopter-27,2,3,200,1,5.165238857269287
scene-Helicopter-27,3,0,200,1,4.645187139511108
scene-Helicopter-27,3,1,200,1,4.700106620788574
scene-Helicopter-27,3,2,200,1,4.827944278717041
scene-Helicopter-27,3,3,200,1,4.677582502365112
scene-Helicopter-27,0,0,300,1,6.974485397338867
scene-Helicopter-27,0,1,300,1,7.271544456481934
scene-Helicopter-27,0,2,300,1,6.643662214279175
scene-Helicopter-27,0,3,300,1,6.815140962600708
scene-Helicopter-27,1,0,300,1,11.90601372718811
scene-Helicopter-27,1,1,300,1,16.968143224716187
scene-Helicopter-27,1,2,300,1,12.901530742645264
scene-Helicopter-27,1,3,300,1,7.101599216461182
scene-Helicopter-27,2,0,300,1,10.739081382751465
scene-Helicopter-27,2,1,300,1,16.806445121765137
scene-Helicopter-27,2,2,300,1,19.89571738243103
scene-Helicopter-27,2,3,300,1,7.848759651184082
scene-Helicopter-27,3,0,300,1,7.035014629364014
scene-Helicopter-27,3,1,300,1,7.164432048797607
scene-Helicopter-27,3,2,300,1,7.31011438369751
scene-Helicopter-27,3,3,300,1,7.100186824798584
scene-Helicopter-27,0,0,400,1,9.413957595825195
scene-Helicopter-27,0,1,400,1,9.814844608306885
scene-Helicopter-27,0,2,400,1,8.91759181022644
scene-Helicopter-27,0,3,400,1,9.154094219207764
scene-Helicopter-27,1,0,400,1,16.19361710548401
scene-Helicopter-27,1,1,400,1,22.77318572998047
scene-Helicopter-27,1,2,400,1,17.44781804084778
scene-Helicopter-27,1,3,400,1,9.57644534111023
scene-Helicopter-27,2,0,400,1,14.484068632125854
scene-Helicopter-27,2,1,400,1,22.538970708847046
scene-Helicopter-27,2,2,400,1,26.67796301841736
scene-Helicopter-27,2,3,400,1,10.442028045654297
scene-Helicopter-27,3,0,400,1,9.414159059524536
scene-Helicopter-27,3,1,400,1,9.53382134437561
scene-Helicopter-27,3,2,400,1,9.836138486862183
scene-Helicopter-27,3,3,400,1,9.529312372207642
scene-Helicopter-27,0,0,500,1,11.879989385604858
scene-Helicopter-27,0,1,500,1,12.27907419204712
scene-Helicopter-27,0,2,500,1,11.296744585037231
scene-Helicopter-27,0,3,500,1,11.474723815917969
scene-Helicopter-27,1,0,500,1,20.150484323501587
scene-Helicopter-27,1,1,500,1,28.575530767440796
scene-Helicopter-27,1,2,500,1,21.838645458221436
scene-Helicopter-27,1,3,500,1,12.030792236328125
scene-Helicopter-27,2,0,500,1,18.3142831325531
scene-Helicopter-27,2,1,500,1,28.23634624481201
scene-Helicopter-27,2,2,500,1,33.484097480773926
scene-Helicopter-27,2,3,500,1,13.274336576461792
scene-Helicopter-27,3,0,500,1,11.887818098068237
scene-Helicopter-27,3,1,500,1,12.151297807693481
scene-Helicopter-27,3,2,500,1,12.46515417098999
scene-Helicopter-27,3,3,500,1,12.050666332244873
scene-Helicopter-27,0,0,1000,1,24.06952953338623
scene-Helicopter-27,0,1,1000,1,24.795031547546387
scene-Helicopter-27,0,2,1000,1,22.886798620224
scene-Helicopter-27,0,3,1000,1,23.36252737045288
scene-Helicopter-27,1,0,1000,1,40.688003063201904
scene-Helicopter-27,1,1,1000,1,57.511123180389404
scene-Helicopter-27,1,2,1000,1,43.93893384933472
scene-Helicopter-27,1,3,1000,1,24.342310905456543
scene-Helicopter-27,2,0,1000,1,36.6416277885437
scene-Helicopter-27,2,1,1000,1,57.16880393028259
scene-Helicopter-27,2,2,1000,1,67.3899302482605
scene-Helicopter-27,2,3,1000,1,26.860583782196045
scene-Helicopter-27,3,0,1000,1,23.958946228027344
scene-Helicopter-27,3,1,1000,1,24.41041660308838
scene-Helicopter-27,3,2,1000,1,25.023635864257812
scene-Helicopter-27,3,3,1000,1,24.308913707733154
scene-Helicopter-27,0,0,2000,1,48.32720994949341
scene-Helicopter-27,0,0,2000,2,12.094430446624756
scene-Helicopter-27,0,0,2000,4,3.4925312995910645
scene-Helicopter-27,0,0,2000,5,2.6063637733459473
scene-Helicopter-27,0,0,2000,8,1.112776279449463
scene-Helicopter-27,0,1,2000,1,49.52447724342346
scene-Helicopter-27,0,1,2000,2,12.679983615875244
scene-Helicopter-27,0,1,2000,4,3.4759597778320312
scene-Helicopter-27,0,1,2000,5,2.5814831256866455
scene-Helicopter-27,0,1,2000,8,1.112900972366333
scene-Helicopter-27,0,2,2000,1,45.871851682662964
scene-Helicopter-27,0,2,2000,2,11.49198293685913
scene-Helicopter-27,0,2,2000,4,3.2097017765045166
scene-Helicopter-27,0,2,2000,5,2.357609987258911
scene-Helicopter-27,0,2,2000,8,1.1253490447998047
scene-Helicopter-27,0,3,2000,1,46.52599287033081
scene-Helicopter-27,0,3,2000,2,11.865949392318726
scene-Helicopter-27,0,3,2000,4,3.128324031829834
scene-Helicopter-27,0,3,2000,5,2.321115016937256
scene-Helicopter-27,0,3,2000,8,0.947063684463501
scene-Helicopter-27,1,0,2000,1,81.30712914466858
scene-Helicopter-27,1,0,2000,2,20.72385597229004
scene-Helicopter-27,1,0,2000,4,6.256600618362427
scene-Helicopter-27,1,0,2000,5,5.330028772354126
scene-Helicopter-27,1,0,2000,8,2.249201774597168
scene-Helicopter-27,1,1,2000,1,114.23240733146667
scene-Helicopter-27,1,1,2000,2,29.70864963531494
scene-Helicopter-27,1,1,2000,4,7.949228525161743
scene-Helicopter-27,1,1,2000,5,5.884254455566406
scene-Helicopter-27,1,1,2000,8,3.354604721069336
scene-Helicopter-27,1,2,2000,1,87.42751836776733
scene-Helicopter-27,1,2,2000,2,22.46486735343933
scene-Helicopter-27,1,2,2000,4,6.755829334259033
scene-Helicopter-27,1,2,2000,5,5.132532596588135
scene-Helicopter-27,1,2,2000,8,2.0314717292785645
scene-Helicopter-27,1,3,2000,1,48.606117486953735
scene-Helicopter-27,1,3,2000,2,12.263240337371826
scene-Helicopter-27,1,3,2000,4,3.414329767227173
scene-Helicopter-27,1,3,2000,5,2.074249267578125
scene-Helicopter-27,1,3,2000,8,0.9996330738067627
scene-Helicopter-27,2,0,2000,1,73.60433030128479
scene-Helicopter-27,2,0,2000,2,18.586026668548584
scene-Helicopter-27,2,0,2000,4,5.669482707977295
scene-Helicopter-27,2,0,2000,5,4.542178153991699
scene-Helicopter-27,2,0,2000,8,2.0185468196868896
scene-Helicopter-27,2,1,2000,1,113.41747999191284
scene-Helicopter-27,2,1,2000,2,28.946764707565308
scene-Helicopter-27,2,1,2000,4,8.018360137939453
scene-Helicopter-27,2,1,2000,5,5.4654858112335205
scene-Helicopter-27,2,1,2000,8,4.308332204818726
scene-Helicopter-27,2,2,2000,1,133.93911290168762
scene-Helicopter-27,2,2,2000,2,34.347259759902954
scene-Helicopter-27,2,2,2000,4,9.543567180633545
scene-Helicopter-27,2,2,2000,5,6.759844779968262
scene-Helicopter-27,2,2,2000,8,4.606590270996094
scene-Helicopter-27,2,3,2000,1,52.75286293029785
scene-Helicopter-27,2,3,2000,2,13.361138343811035
scene-Helicopter-27,2,3,2000,4,3.645308494567871
scene-Helicopter-27,2,3,2000,5,2.4259908199310303
scene-Helicopter-27,2,3,2000,8,1.0842835903167725
scene-Helicopter-27,3,0,2000,1,47.84278845787048
scene-Helicopter-27,3,0,2000,2,12.05009388923645
scene-Helicopter-27,3,0,2000,4,3.3634772300720215
scene-Helicopter-27,3,0,2000,5,2.556325912475586
scene-Helicopter-27,3,0,2000,8,0.9508264064788818
scene-Helicopter-27,3,1,2000,1,48.78743100166321
scene-Helicopter-27,3,1,2000,2,12.231308698654175
scene-Helicopter-27,3,1,2000,4,3.331472158432007
scene-Helicopter-27,3,1,2000,5,2.4614453315734863
scene-Helicopter-27,3,1,2000,8,1.1722419261932373
scene-Helicopter-27,3,2,2000,1,49.943668365478516
scene-Helicopter-27,3,2,2000,2,12.518356084823608
scene-Helicopter-27,3,2,2000,4,3.4357218742370605
scene-Helicopter-27,3,2,2000,5,2.322247266769409
scene-Helicopter-27,3,2,2000,8,1.1691296100616455
scene-Helicopter-27,3,3,2000,1,48.13948321342468
scene-Helicopter-27,3,3,2000,2,12.2361159324646
scene-Helicopter-27,3,3,2000,4,3.214195489883423
scene-Helicopter-27,3,3,2000,5,2.514167308807373
scene-Helicopter-27,3,3,2000,8,1.3261902332305908
TeeglasFX_27,0,0,10,1,0.3972206115722656
TeeglasFX_27,0,1,10,1,0.43381357192993164
TeeglasFX_27,0,2,10,1,0.7607848644256592
TeeglasFX_27,0,3,10,1,0.40639495849609375
TeeglasFX_27,1,0,10,1,1.089963674545288
TeeglasFX_27,1,1,10,1,1.0963709354400635
TeeglasFX_27,1,2,10,1,1.1267149448394775
TeeglasFX_27,1,3,10,1,0.827826976776123
TeeglasFX_27,2,0,10,1,1.0518078804016113
TeeglasFX_27,2,1,10,1,1.1158382892608643
TeeglasFX_27,2,2,10,1,1.2056291103363037
TeeglasFX_27,2,3,10,1,0.8931467533111572
TeeglasFX_27,3,0,10,1,0.3910355567932129
TeeglasFX_27,3,1,10,1,0.4216890335083008
TeeglasFX_27,3,2,10,1,0.7737159729003906
TeeglasFX_27,3,3,10,1,0.3732569217681885
TeeglasFX_27,0,0,20,1,0.7959980964660645
TeeglasFX_27,0,1,20,1,0.8904459476470947
TeeglasFX_27,0,2,20,1,1.5228474140167236
TeeglasFX_27,0,3,20,1,0.820199728012085
TeeglasFX_27,1,0,20,1,2.190490484237671
TeeglasFX_27,1,1,20,1,2.187225818634033
TeeglasFX_27,1,2,20,1,2.269127368927002
TeeglasFX_27,1,3,20,1,1.6618690490722656
TeeglasFX_27,2,0,20,1,2.1286332607269287
TeeglasFX_27,2,1,20,1,2.2375810146331787
TeeglasFX_27,2,2,20,1,2.4291226863861084
TeeglasFX_27,2,3,20,1,1.795945405960083
TeeglasFX_27,3,0,20,1,0.7991251945495605
TeeglasFX_27,3,1,20,1,0.8583674430847168
TeeglasFX_27,3,2,20,1,1.562943696975708
TeeglasFX_27,3,3,20,1,0.7528772354125977
TeeglasFX_27,0,0,30,1,1.2143690586090088
TeeglasFX_27,0,1,30,1,1.318838119506836
TeeglasFX_27,0,2,30,1,2.299957036972046
TeeglasFX_27,0,3,30,1,1.2244126796722412
TeeglasFX_27,1,0,30,1,3.281226634979248
TeeglasFX_27,1,1,30,1,3.306133508682251
TeeglasFX_27,1,2,30,1,3.3920695781707764
TeeglasFX_27,1,3,30,1,2.5088493824005127
TeeglasFX_27,2,0,30,1,3.1889185905456543
TeeglasFX_27,2,1,30,1,3.360476493835449
TeeglasFX_27,2,2,30,1,3.6342899799346924
TeeglasFX_27,2,3,30,1,2.6902425289154053
TeeglasFX_27,3,0,30,1,1.2026638984680176
TeeglasFX_27,3,1,30,1,1.2897026538848877
TeeglasFX_27,3,2,30,1,2.3503530025482178
TeeglasFX_27,3,3,30,1,1.1322753429412842
TeeglasFX_27,0,0,40,1,1.6095623970031738
TeeglasFX_27,0,1,40,1,1.7487297058105469
TeeglasFX_27,0,2,40,1,3.0312235355377197
TeeglasFX_27,0,3,40,1,1.632460117340088
TeeglasFX_27,1,0,40,1,4.374526023864746
TeeglasFX_27,1,1,40,1,4.424907207489014
TeeglasFX_27,1,2,40,1,4.521116733551025
TeeglasFX_27,1,3,40,1,3.32820463180542
TeeglasFX_27,2,0,40,1,4.218976020812988
TeeglasFX_27,2,1,40,1,4.482280969619751
TeeglasFX_27,2,2,40,1,4.856417417526245
TeeglasFX_27,2,3,40,1,3.60512638092041
TeeglasFX_27,3,0,40,1,1.6119284629821777
TeeglasFX_27,3,1,40,1,1.716052532196045
TeeglasFX_27,3,2,40,1,3.1263883113861084
TeeglasFX_27,3,3,40,1,1.5128028392791748
TeeglasFX_27,0,0,50,1,2.0234596729278564
TeeglasFX_27,0,1,50,1,2.226496458053589
TeeglasFX_27,0,2,50,1,3.799917221069336
TeeglasFX_27,0,3,50,1,2.051225185394287
TeeglasFX_27,1,0,50,1,5.4526660442352295
TeeglasFX_27,1,1,50,1,5.530407190322876
TeeglasFX_27,1,2,50,1,5.659239768981934
TeeglasFX_27,1,3,50,1,4.163403034210205
TeeglasFX_27,2,0,50,1,5.311046123504639
TeeglasFX_27,2,1,50,1,5.629517316818237
TeeglasFX_27,2,2,50,1,6.046085834503174
TeeglasFX_27,2,3,50,1,4.504205703735352
TeeglasFX_27,3,0,50,1,2.013888359069824
TeeglasFX_27,3,1,50,1,2.150498867034912
TeeglasFX_27,3,2,50,1,3.9100418090820312
TeeglasFX_27,3,3,50,1,1.8900070190429688
TeeglasFX_27,0,0,100,1,4.0432350635528564
TeeglasFX_27,0,1,100,1,4.363520860671997
TeeglasFX_27,0,2,100,1,7.622953176498413
TeeglasFX_27,0,3,100,1,4.114004850387573
TeeglasFX_27,1,0,100,1,10.955732822418213
TeeglasFX_27,1,1,100,1,11.023277521133423
TeeglasFX_27,1,2,100,1,11.296473026275635
TeeglasFX_27,1,3,100,1,8.401861429214478
TeeglasFX_27,2,0,100,1,10.647913455963135
TeeglasFX_27,2,1,100,1,11.261135339736938
TeeglasFX_27,2,2,100,1,12.13630747795105
TeeglasFX_27,2,3,100,1,9.062607765197754
TeeglasFX_27,3,0,100,1,4.051340341567993
TeeglasFX_27,3,1,100,1,4.288998603820801
TeeglasFX_27,3,2,100,1,7.8307366371154785
TeeglasFX_27,3,3,100,1,3.7999138832092285
TeeglasFX_27,0,0,200,1,8.264818668365479
TeeglasFX_27,0,1,200,1,9.019208431243896
TeeglasFX_27,0,2,200,1,15.29163408279419
TeeglasFX_27,0,3,200,1,8.222130537033081
TeeglasFX_27,1,0,200,1,21.979737281799316
TeeglasFX_27,1,1,200,1,22.04272985458374
TeeglasFX_27,1,2,200,1,22.77273726463318
TeeglasFX_27,1,3,200,1,16.76213574409485
TeeglasFX_27,2,0,200,1,21.3497633934021
TeeglasFX_27,2,1,200,1,22.606281995773315
TeeglasFX_27,2,2,200,1,24.362426280975342
TeeglasFX_27,2,3,200,1,18.130292892456055
TeeglasFX_27,3,0,200,1,8.208183765411377
TeeglasFX_27,3,1,200,1,8.700719356536865
TeeglasFX_27,3,2,200,1,15.68731164932251
TeeglasFX_27,3,3,200,1,7.646582841873169
TeeglasFX_27,0,0,300,1,12.256249904632568
TeeglasFX_27,0,1,300,1,13.289310455322266
TeeglasFX_27,0,2,300,1,23.15721321105957
TeeglasFX_27,0,3,300,1,12.368730545043945
TeeglasFX_27,1,0,300,1,33.130412578582764
TeeglasFX_27,1,1,300,1,33.51023626327515
TeeglasFX_27,1,2,300,1,33.99765086174011
TeeglasFX_27,1,3,300,1,25.268834352493286
TeeglasFX_27,2,0,300,1,32.21377658843994
TeeglasFX_27,2,1,300,1,33.90407848358154
TeeglasFX_27,2,2,300,1,36.54706883430481
TeeglasFX_27,2,3,300,1,27.24385929107666
TeeglasFX_27,3,0,300,1,12.299270391464233
TeeglasFX_27,3,1,300,1,12.99504566192627
TeeglasFX_27,3,2,300,1,23.51738452911377
TeeglasFX_27,3,3,300,1,11.397784948348999
TeeglasFX_27,0,0,400,1,16.456519842147827
TeeglasFX_27,0,1,400,1,17.67910599708557
TeeglasFX_27,0,2,400,1,30.54403591156006
TeeglasFX_27,0,3,400,1,16.580347537994385
TeeglasFX_27,1,0,400,1,44.094480991363525
TeeglasFX_27,1,1,400,1,44.643248558044434
TeeglasFX_27,1,2,400,1,45.49427556991577
TeeglasFX_27,1,3,400,1,33.831695795059204
TeeglasFX_27,2,0,400,1,42.67763113975525
TeeglasFX_27,2,1,400,1,45.450945138931274
TeeglasFX_27,2,2,400,1,48.99548888206482
TeeglasFX_27,2,3,400,1,36.420191049575806
TeeglasFX_27,3,0,400,1,16.340270042419434
TeeglasFX_27,3,1,400,1,17.2559974193573
TeeglasFX_27,3,2,400,1,31.369820833206177
TeeglasFX_27,3,3,400,1,15.214406728744507
TeeglasFX_27,0,0,500,1,20.53961181640625
TeeglasFX_27,0,1,500,1,22.21778702735901
TeeglasFX_27,0,2,500,1,38.42510509490967
TeeglasFX_27,0,3,500,1,20.69182062149048
TeeglasFX_27,1,0,500,1,54.96152138710022
TeeglasFX_27,1,1,500,1,55.738441944122314
TeeglasFX_27,1,2,500,1,56.57411193847656
TeeglasFX_27,1,3,500,1,42.041768074035645
TeeglasFX_27,2,0,500,1,53.56583619117737
TeeglasFX_27,2,1,500,1,56.68040442466736
TeeglasFX_27,2,2,500,1,61.04287052154541
TeeglasFX_27,2,3,500,1,45.5714476108551
TeeglasFX_27,3,0,500,1,20.50981903076172
TeeglasFX_27,3,1,500,1,21.759424448013306
TeeglasFX_27,3,2,500,1,39.51622247695923
TeeglasFX_27,3,3,500,1,18.9838969707489
TeeglasFX_27,0,0,1000,1,41.2083945274353
TeeglasFX_27,0,1,1000,1,44.32235550880432
TeeglasFX_27,0,2,1000,1,76.93033385276794
TeeglasFX_27,0,3,1000,1,41.48141002655029
TeeglasFX_27,1,0,1000,1,110.25877857208252
TeeglasFX_27,1,1,1000,1,111.05318212509155
TeeglasFX_27,1,2,1000,1,113.62925744056702
TeeglasFX_27,1,3,1000,1,84.25805854797363
TeeglasFX_27,2,0,1000,1,107.52286291122437
TeeglasFX_27,2,1,1000,1,113.63560938835144
TeeglasFX_27,2,2,1000,1,122.38069939613342
TeeglasFX_27,2,3,1000,1,90.91184282302856
TeeglasFX_27,3,0,1000,1,40.96458864212036
TeeglasFX_27,3,1,1000,1,43.22270584106445
TeeglasFX_27,3,2,1000,1,78.81075191497803
TeeglasFX_27,3,3,1000,1,38.040759325027466
TeeglasFX_27,0,0,2000,1,81.77875351905823
TeeglasFX_27,0,0,2000,2,21.167659044265747
TeeglasFX_27,0,0,2000,4,6.645899057388306
TeeglasFX_27,0,0,2000,5,5.291665554046631
TeeglasFX_27,0,0,2000,8,2.0602877140045166
TeeglasFX_27,0,1,2000,1,89.463383436203
TeeglasFX_27,0,1,2000,2,23.44938826560974
TeeglasFX_27,0,1,2000,4,7.258417129516602
TeeglasFX_27,0,1,2000,5,5.532304286956787
TeeglasFX_27,0,1,2000,8,2.339738130569458
TeeglasFX_27,0,2,2000,1,152.75601959228516
TeeglasFX_27,0,2,2000,2,39.676929235458374
TeeglasFX_27,0,2,2000,4,11.030958414077759
TeeglasFX_27,0,2,2000,5,7.565249681472778
TeeglasFX_27,0,2,2000,8,5.377634763717651
TeeglasFX_27,0,3,2000,1,82.23710775375366
TeeglasFX_27,0,3,2000,2,20.92135524749756
TeeglasFX_27,0,3,2000,4,7.289004325866699
TeeglasFX_27,0,3,2000,5,6.6349546909332275
TeeglasFX_27,0,3,2000,8,3.6167125701904297
TeeglasFX_27,1,0,2000,1,219.02445340156555
TeeglasFX_27,1,0,2000,2,55.5863037109375
TeeglasFX_27,1,0,2000,4,15.871213674545288
TeeglasFX_27,1,0,2000,5,12.084543228149414
TeeglasFX_27,1,0,2000,8,5.761104583740234
TeeglasFX_27,1,1,2000,1,220.27571630477905
TeeglasFX_27,1,1,2000,2,57.002793073654175
TeeglasFX_27,1,1,2000,4,15.95602560043335
TeeglasFX_27,1,1,2000,5,12.835437536239624
TeeglasFX_27,1,1,2000,8,4.983854055404663
TeeglasFX_27,1,2,2000,1,228.02560138702393
TeeglasFX_27,1,2,2000,2,58.43758535385132
TeeglasFX_27,1,2,2000,4,15.894724369049072
TeeglasFX_27,1,2,2000,5,10.798914194107056
TeeglasFX_27,1,2,2000,8,6.541661739349365
TeeglasFX_27,1,3,2000,1,168.45221376419067
TeeglasFX_27,1,3,2000,2,43.067503452301025
TeeglasFX_27,1,3,2000,4,13.000074863433838
TeeglasFX_27,1,3,2000,5,7.873751401901245
TeeglasFX_27,1,3,2000,8,5.672287702560425
TeeglasFX_27,2,0,2000,1,213.73124194145203
TeeglasFX_27,2,0,2000,2,55.020578384399414
TeeglasFX_27,2,0,2000,4,15.915565490722656
TeeglasFX_27,2,0,2000,5,12.508432149887085
TeeglasFX_27,2,0,2000,8,5.813339948654175
TeeglasFX_27,2,1,2000,1,225.00296115875244
TeeglasFX_27,2,1,2000,2,58.21918773651123
TeeglasFX_27,2,1,2000,4,16.53611707687378
TeeglasFX_27,2,1,2000,5,12.577198505401611
TeeglasFX_27,2,1,2000,8,5.413642168045044
TeeglasFX_27,2,2,2000,1,244.41620063781738
TeeglasFX_27,2,2,2000,2,63.11676740646362
TeeglasFX_27,2,2,2000,4,17.9767804145813
TeeglasFX_27,2,2,2000,5,12.223853349685669
TeeglasFX_27,2,2,2000,8,5.899594783782959
TeeglasFX_27,2,3,2000,1,181.88524436950684
TeeglasFX_27,2,3,2000,2,46.95046424865723
TeeglasFX_27,2,3,2000,4,12.788519382476807
TeeglasFX_27,2,3,2000,5,7.92752742767334
TeeglasFX_27,2,3,2000,8,5.547215700149536
TeeglasFX_27,3,0,2000,1,81.4877257347107
TeeglasFX_27,3,0,2000,2,20.625909090042114
TeeglasFX_27,3,0,2000,4,6.231352806091309
TeeglasFX_27,3,0,2000,5,4.882791519165039
TeeglasFX_27,3,0,2000,8,2.7260730266571045
TeeglasFX_27,3,1,2000,1,86.12124013900757
TeeglasFX_27,3,1,2000,2,22.398791551589966
TeeglasFX_27,3,1,2000,4,6.08922004699707
TeeglasFX_27,3,1,2000,5,4.716322660446167
TeeglasFX_27,3,1,2000,8,2.9091644287109375
TeeglasFX_27,3,2,2000,1,157.4161982536316
TeeglasFX_27,3,2,2000,2,39.613152742385864
TeeglasFX_27,3,2,2000,4,10.991669416427612
TeeglasFX_27,3,2,2000,5,7.757289409637451
TeeglasFX_27,3,2,2000,8,5.154602766036987
TeeglasFX_27,3,3,2000,1,75.70611524581909
TeeglasFX_27,3,3,2000,2,19.47312068939209
TeeglasFX_27,3,3,2000,4,5.99993109703064
TeeglasFX_27,3,3,2000,5,5.164526462554932
TeeglasFX_27,3,3,2000,8,3.4893081188201904
fishy_cat,0,0,10,1,6.0205981731414795
fishy_cat,0,1,10,1,5.480809926986694
fishy_cat,0,2,10,1,4.4748594760894775
fishy_cat,0,3,10,1,4.2236902713775635
fishy_cat,1,0,10,1,6.111278295516968
fishy_cat,1,1,10,1,5.589597702026367
fishy_cat,1,2,10,1,4.341089725494385
fishy_cat,1,3,10,1,4.196939706802368
fishy_cat,2,0,10,1,6.169677734375
fishy_cat,2,1,10,1,7.6066203117370605
fishy_cat,2,2,10,1,6.0144126415252686
fishy_cat,2,3,10,1,4.084686517715454
fishy_cat,3,0,10,1,5.762491464614868
fishy_cat,3,1,10,1,5.245710134506226
fishy_cat,3,2,10,1,4.4477245807647705
fishy_cat,3,3,10,1,4.306307315826416
fishy_cat,0,0,20,1,7.637897968292236
fishy_cat,0,1,20,1,7.422382593154907
fishy_cat,0,2,20,1,4.750122785568237
fishy_cat,0,3,20,1,4.905555009841919
fishy_cat,1,0,20,1,8.13472604751587
fishy_cat,1,1,20,1,7.761277914047241
fishy_cat,1,2,20,1,5.162966251373291
fishy_cat,1,3,20,1,5.197801113128662
fishy_cat,2,0,20,1,8.508814096450806
fishy_cat,2,1,20,1,11.573101282119751
fishy_cat,2,2,20,1,7.896747589111328
fishy_cat,2,3,20,1,4.549548149108887
fishy_cat,3,0,20,1,8.11670970916748
fishy_cat,3,1,20,1,6.918968915939331
fishy_cat,3,2,20,1,5.3383238315582275
fishy_cat,3,3,20,1,4.553616523742676
fishy_cat,0,0,30,1,9.40627670288086
fishy_cat,0,1,30,1,9.54521107673645
fishy_cat,0,2,30,1,5.527301788330078
fishy_cat,0,3,30,1,5.127474546432495
fishy_cat,1,0,30,1,10.204384803771973
fishy_cat,1,1,30,1,9.359720468521118
fishy_cat,1,2,30,1,6.189763784408569
fishy_cat,1,3,30,1,5.217950105667114
fishy_cat,2,0,30,1,10.80202054977417
fishy_cat,2,1,30,1,15.89840817451477
fishy_cat,2,2,30,1,10.096120357513428
fishy_cat,2,3,30,1,5.4575464725494385
fishy_cat,3,0,30,1,10.218342781066895
fishy_cat,3,1,30,1,8.424503087997437
fishy_cat,3,2,30,1,6.103694200515747
fishy_cat,3,3,30,1,4.968960285186768
fishy_cat,0,0,40,1,11.47961974143982
fishy_cat,0,1,40,1,10.782116174697876
fishy_cat,0,2,40,1,6.108847379684448
fishy_cat,0,3,40,1,5.530633926391602
fishy_cat,1,0,40,1,12.603030920028687
fishy_cat,1,1,40,1,11.619087934494019
fishy_cat,1,2,40,1,6.706502914428711
fishy_cat,1,3,40,1,5.586107969284058
fishy_cat,2,0,40,1,13.376142740249634
fishy_cat,2,1,40,1,19.21929621696472
fishy_cat,2,2,40,1,12.243015766143799
fishy_cat,2,3,40,1,5.5059075355529785
fishy_cat,3,0,40,1,12.375449657440186
fishy_cat,3,1,40,1,9.968743085861206
fishy_cat,3,2,40,1,6.5206615924835205
fishy_cat,3,3,40,1,5.7507922649383545
fishy_cat,0,0,50,1,13.425828456878662
fishy_cat,0,1,50,1,12.390391826629639
fishy_cat,0,2,50,1,6.381042003631592
fishy_cat,0,3,50,1,5.903364419937134
fishy_cat,1,0,50,1,14.30727219581604
fishy_cat,1,1,50,1,12.86743450164795
fishy_cat,1,2,50,1,7.4750049114227295
fishy_cat,1,3,50,1,6.193655729293823
fishy_cat,2,0,50,1,15.629339456558228
fishy_cat,2,1,50,1,22.939206838607788
fishy_cat,2,2,50,1,14.009406328201294
fishy_cat,2,3,50,1,5.954573392868042
fishy_cat,3,0,50,1,14.790059089660645
fishy_cat,3,1,50,1,10.895005464553833
fishy_cat,3,2,50,1,7.424514293670654
fishy_cat,3,3,50,1,5.70732855796814
fishy_cat,0,0,100,1,22.55653190612793
fishy_cat,0,1,100,1,21.125808000564575
fishy_cat,0,2,100,1,8.685620069503784
fishy_cat,0,3,100,1,7.735856294631958
fishy_cat,1,0,100,1,24.46544599533081
fishy_cat,1,1,100,1,22.256046295166016
fishy_cat,1,2,100,1,10.742913484573364
fishy_cat,1,3,100,1,7.914897680282593
fishy_cat,2,0,100,1,27.11150050163269
fishy_cat,2,1,100,1,41.90000367164612
fishy_cat,2,2,100,1,24.23939347267151
fishy_cat,2,3,100,1,7.817691802978516
fishy_cat,3,0,100,1,24.985591888427734
fishy_cat,3,1,100,1,18.10431671142578
fishy_cat,3,2,100,1,10.663040399551392
fishy_cat,3,3,100,1,7.721436977386475
fishy_cat,0,0,200,1,41.5109326839447
fishy_cat,0,1,200,1,37.92174410820007
fishy_cat,0,2,200,1,13.71223258972168
fishy_cat,0,3,200,1,12.069563150405884
fishy_cat,1,0,200,1,45.40553665161133
fishy_cat,1,1,200,1,39.78357648849487
fishy_cat,1,2,200,1,17.445110082626343
fishy_cat,1,3,200,1,11.928243398666382
fishy_cat,2,0,200,1,50.05237030982971
fishy_cat,2,1,200,1,79.39441585540771
fishy_cat,2,2,200,1,44.48611783981323
fishy_cat,2,3,200,1,11.706135511398315
fishy_cat,3,0,200,1,46.28900384902954
fishy_cat,3,1,200,1,32.330265045166016
fishy_cat,3,2,200,1,17.326471090316772
fishy_cat,3,3,200,1,11.532899141311646
fishy_cat,0,0,300,1,59.88713979721069
fishy_cat,0,1,300,1,55.40620732307434
fishy_cat,0,2,300,1,18.46845507621765
fishy_cat,0,3,300,1,15.712816715240479
fishy_cat,1,0,300,1,65.96408939361572
fishy_cat,1,1,300,1,57.40488266944885
fishy_cat,1,2,300,1,24.293960571289062
fishy_cat,1,3,300,1,15.805395364761353
fishy_cat,2,0,300,1,73.0821442604065
fishy_cat,2,1,300,1,117.32883334159851
fishy_cat,2,2,300,1,64.95027017593384
fishy_cat,2,3,300,1,15.570728540420532
fishy_cat,3,0,300,1,67.57515621185303
fishy_cat,3,1,300,1,46.414263010025024
fishy_cat,3,2,300,1,23.856463193893433
fishy_cat,3,3,300,1,15.328519582748413
fishy_cat,0,0,400,1,79.0570456981659
fishy_cat,0,1,400,1,72.08527708053589
fishy_cat,0,2,400,1,22.678820371627808
fishy_cat,0,3,400,1,19.595470666885376
fishy_cat,1,0,400,1,87.09596180915833
fishy_cat,1,1,400,1,75.22733664512634
fishy_cat,1,2,400,1,31.299776077270508
fishy_cat,1,3,400,1,19.68126344680786
fishy_cat,2,0,400,1,95.57082629203796
fishy_cat,2,1,400,1,155.29031038284302
fishy_cat,2,2,400,1,84.91230010986328
fishy_cat,2,3,400,1,19.68701672554016
fishy_cat,3,0,400,1,88.62005734443665
fishy_cat,3,1,400,1,60.20496916770935
fishy_cat,3,2,400,1,30.662617683410645
fishy_cat,3,3,400,1,19.204628467559814
fishy_cat,0,0,500,1,98.13923406600952
fishy_cat,0,1,500,1,89.23962712287903
fishy_cat,0,2,500,1,27.750948429107666
fishy_cat,0,3,500,1,24.053168058395386
fishy_cat,1,0,500,1,107.89154267311096
fishy_cat,1,1,500,1,93.66234302520752
fishy_cat,1,2,500,1,37.72212290763855
fishy_cat,1,3,500,1,24.054595708847046
fishy_cat,2,0,500,1,119.29756331443787
fishy_cat,2,1,500,1,192.77540707588196
fishy_cat,2,2,500,1,104.80102372169495
fishy_cat,2,3,500,1,23.34126877784729
fishy_cat,3,0,500,1,110.28225302696228
fishy_cat,3,1,500,1,74.94810152053833
fishy_cat,3,2,500,1,37.30056381225586
fishy_cat,3,3,500,1,23.501067638397217
fishy_cat,0,0,1000,1,192.11257076263428
fishy_cat,0,1,1000,1,174.4553143978119
fishy_cat,0,2,1000,1,51.7086546421051
fishy_cat,0,3,1000,1,43.94939732551575
fishy_cat,1,0,1000,1,212.0151605606079
fishy_cat,1,1,1000,1,182.15303230285645
fishy_cat,1,2,1000,1,71.5981969833374
fishy_cat,1,3,1000,1,43.8376362323761
fishy_cat,2,0,1000,1,233.24678587913513
fishy_cat,2,1,1000,1,382.4546241760254
fishy_cat,2,2,1000,1,206.60461473464966
fishy_cat,2,3,1000,1,43.30393600463867
fishy_cat,3,0,1000,1,216.3153955936432
fishy_cat,3,1,1000,1,144.74478459358215
fishy_cat,3,2,1000,1,70.02750253677368
fishy_cat,3,3,1000,1,42.991262674331665
fishy_cat,0,0,2000,1,380.5949168205261
fishy_cat,0,1,2000,1,347.1697368621826
fishy_cat,0,2,2000,1,100.89883089065552
fishy_cat,0,3,2000,1,83.76473236083984
fishy_cat,1,0,2000,1,420.3879089355469
fishy_cat,1,1,2000,1,367.82975935935974
fishy_cat,1,2,2000,1,139.72840356826782
fishy_cat,1,3,2000,1,83.81080293655396
fishy_cat,2,0,2000,1,465.1884551048279
fishy_cat,2,1,2000,1,762.5358946323395
fishy_cat,2,2,2000,1,410.8277943134308
fishy_cat,2,3,2000,1,82.91827988624573
fishy_cat,3,0,2000,1,432.2409510612488
fishy_cat,3,1,2000,1,287.2252595424652
fishy_cat,3,2,2000,1,136.86228394508362
fishy_cat,3,3,2000,1,82.44647145271301
